Measure,Age group,Hospitalizations Averted,% Hospitalizations Averted
Infection protection only,0,40 [24 – 52],52.7% [48.2% – 55.3%]
Infection protection only,1-4,208 [140 – 261],56.9% [52.5% – 59.5%]
Infection protection only,5-12,188 [126 – 251],54.7% [49.4% – 57.7%]
Infection protection only,13-17,115 [74 – 158],54.7% [49.5% – 57.8%]
Infection protection only,18-49,743 [548 – 950],49.8% [44.6% – 52.7%]
Infection protection only,50-64,792 [584 – 981],50.7% [45.9% – 53.5%]
Infection protection only,65+,"4,433 [3,698 – 5,162]",48.1% [43.5% – 50.9%]
Infection protection only,All,"6,583 [5,440 – 7,404]",49.2% [44.4% – 52.0%]
Hospitalization protection only,0,0 [0 – 1],0.5% [0.5% – 0.5%]
Hospitalization protection only,1-4,4 [2 – 5],1.0% [0.9% – 1.1%]
Hospitalization protection only,5-12,3 [2 – 3],0.7% [0.7% – 0.8%]
Hospitalization protection only,13-17,2 [1 – 2],0.8% [0.7% – 0.9%]
Hospitalization protection only,18-49,11 [9 – 14],0.8% [0.7% – 0.8%]
Hospitalization protection only,50-64,16 [13 – 20],1.1% [1.0% – 1.2%]
Hospitalization protection only,65+,720 [647 – 801],7.7% [7.3% – 8.4%]
Hospitalization protection only,All,756 [681 – 837],5.6% [5.2% – 6.2%]
Total,0,40 [24 – 53],53.2% [48.7% – 55.8%]
Total,1-4,212 [142 – 266],57.9% [53.5% – 60.4%]
Total,5-12,191 [128 – 255],55.4% [50.2% – 58.4%]
Total,13-17,116 [75 – 160],55.5% [50.3% – 58.5%]
Total,18-49,754 [558 – 963],50.5% [45.5% – 53.4%]
Total,50-64,"809 [599 – 1,000]",51.8% [47.0% – 54.5%]
Total,65+,"5,147 [4,398 – 5,959]",55.9% [51.8% – 58.2%]
Total,All,"7,327 [6,169 – 8,190]",54.8% [50.5% – 57.4%]
