0,date,absolute_humidity
1,2022-09-01,0.0172326460685299
2,2022-09-02,0.017520688397744
3,2022-09-03,0.017238477301417
4,2022-09-04,0.0170047655337104
5,2022-09-05,0.0160198919463319
6,2022-09-06,0.0159102888998924
7,2022-09-07,0.0158773349795603
8,2022-09-08,0.0151646348396128
9,2022-09-09,0.0157562092115933
10,2022-09-10,0.0156909852192239
11,2022-09-11,0.0139204690437482
12,2022-09-12,0.0123657159003984
13,2022-09-13,0.0126737526363947
14,2022-09-14,0.0148067022662027
15,2022-09-15,0.0142583263958005
16,2022-09-16,0.0152804945640247
17,2022-09-17,0.0161128967548862
18,2022-09-18,0.0157967142506757
19,2022-09-19,0.0166618310966331
20,2022-09-20,0.0161484394438866
21,2022-09-21,0.0134301234878637
22,2022-09-22,0.0106043992252465
23,2022-09-23,0.0083640234843555
24,2022-09-24,0.013902428895094
25,2022-09-25,0.0138138138896061
26,2022-09-26,0.010851161631478
27,2022-09-27,0.00569140731422889
28,2022-09-28,0.00512364394539459
29,2022-09-29,0.00668840530279064
30,2022-09-30,0.00723217260574621
31,2022-10-01,0.0070255133905448
32,2022-10-02,0.00553147753493653
33,2022-10-03,0.00494808017986479
34,2022-10-04,0.005956763006521
35,2022-10-05,0.00738961162337224
36,2022-10-06,0.00720588319154099
37,2022-10-07,0.00744180947441062
38,2022-10-08,0.00760467651928069
39,2022-10-09,0.00838328332691971
40,2022-10-10,0.00952298131964235
41,2022-10-11,0.0110116789195066
42,2022-10-12,0.0132431810688829
43,2022-10-13,0.0121635111146418
44,2022-10-14,0.00776515908967327
45,2022-10-15,0.0130499650211534
46,2022-10-16,0.0137705926776327
47,2022-10-17,0.0112489969628355
48,2022-10-18,0.00470770302527311
49,2022-10-19,0.00345982007318967
50,2022-10-20,0.00504415012446862
51,2022-10-21,0.00708674330727639
52,2022-10-22,0.0102935728724021
53,2022-10-23,0.0132261359854837
54,2022-10-24,0.014711272094935
55,2022-10-25,0.00666113978521099
56,2022-10-26,0.00434616716746758
57,2022-10-27,0.00655203877837689
58,2022-10-28,0.0115832148914724
59,2022-10-29,0.00868552109647561
60,2022-10-30,0.00896448697636111
61,2022-10-31,0.00856090571162187
62,2022-11-01,0.00955783598821121
63,2022-11-02,0.011226260845286
64,2022-11-03,0.0125049121096975
65,2022-11-04,0.0152785535102165
66,2022-11-05,0.00601366199635327
67,2022-11-06,0.0085473231138718
68,2022-11-07,0.015198373263984
69,2022-11-08,0.0146927092261989
70,2022-11-09,0.0138000344923425
71,2022-11-10,0.0134674074572765
72,2022-11-11,0.0128544214760151
73,2022-11-12,0.0044018616161963
74,2022-11-13,0.00318227966893417
75,2022-11-14,0.00556971755518456
76,2022-11-15,0.00486439671261575
77,2022-11-16,0.00415904355597579
78,2022-11-17,0.00361993534883221
79,2022-11-18,0.00359481161623732
80,2022-11-19,0.00488170063019627
81,2022-11-20,0.00439071730443634
82,2022-11-21,0.00480916754829443
83,2022-11-22,0.00606582639797713
84,2022-11-23,0.00791995416541179
85,2022-11-24,0.0105354031536145
86,2022-11-25,0.0102823832180502
87,2022-11-26,0.007696283458511
88,2022-11-27,0.00562742752766218
89,2022-11-28,0.0068066236186735
90,2022-11-29,0.0109375953295673
91,2022-11-30,0.00714344216211972
92,2022-12-01,0.00419826476982879
93,2022-12-02,0.00928045972779563
94,2022-12-03,0.0108611824477769
95,2022-12-04,0.00759026047072815
96,2022-12-05,0.0111783855839284
97,2022-12-06,0.0133369958293953
98,2022-12-07,0.0138511185339097
99,2022-12-08,0.0139822436854093
100,2022-12-09,0.0132259237356578
101,2022-12-10,0.0132284242626882
102,2022-12-11,0.0124592597448182
103,2022-12-12,0.0116692370067191
104,2022-12-13,0.0129314671738562
105,2022-12-14,0.00580990404470334
106,2022-12-15,0.0033729609823433
107,2022-12-16,0.00531540783251532
108,2022-12-17,0.00365747070566732
109,2022-12-18,0.0027260891417032
110,2022-12-19,0.00475053055414159
111,2022-12-20,0.00513933182251875
112,2022-12-21,0.00589994911511306
113,2022-12-22,0.00544379886346775
114,2022-12-23,0.000965585228719518
115,2022-12-24,0.00127338686963247
116,2022-12-25,0.00181027878657327
117,2022-12-26,0.00209181275097606
118,2022-12-27,0.00326798169496187
119,2022-12-28,0.00570281666692939
120,2022-12-29,0.00965516199063829
121,2022-12-30,0.00937593320497509
122,2022-12-31,0.00730938648845003
123,2023-01-01,0.00841099115246154
124,2023-01-02,0.0119455603616914
125,2023-01-03,0.00903195959064319
126,2023-01-04,0.00432504646184929
127,2023-01-05,0.00393478964359001
128,2023-01-06,0.00671536806439322
129,2023-01-07,0.0113908319329523
130,2023-01-08,0.00765123510629766
131,2023-01-09,0.00646914445531714
132,2023-01-10,0.00911565075247464
133,2023-01-11,0.0100155217194403
134,2023-01-12,0.00676431085924957
135,2023-01-13,0.00356104305235086
136,2023-01-14,0.00338310871780097
137,2023-01-15,0.00689104798830801
138,2023-01-16,0.0105291866248173
139,2023-01-17,0.00907408483996705
140,2023-01-18,0.00963976994483741
141,2023-01-19,0.00353488636748734
142,2023-01-20,0.00426812133854114
143,2023-01-21,0.00594041817539343
144,2023-01-22,0.00512722235248245
145,2023-01-23,0.00327409734958877
146,2023-01-24,0.00534299784575147
147,2023-01-25,0.00497897411167452
148,2023-01-26,0.00376249734439294
149,2023-01-27,0.00386678862633569
150,2023-01-28,0.00819711047847934
151,2023-01-29,0.0113173196847184
152,2023-01-30,0.00715506982735612
153,2023-01-31,0.00375922778009842
154,2023-02-01,0.00349480000141105
155,2023-02-02,0.00350627437030492
156,2023-02-03,0.00435054165750949
157,2023-02-04,0.0049263724752683
158,2023-02-05,0.00664777272484369
159,2023-02-06,0.00892634016186507
160,2023-02-07,0.0112514957077707
161,2023-02-08,0.00994270026385126
162,2023-02-09,0.00577495037578046
163,2023-02-10,0.00531271161456273
164,2023-02-11,0.00350312272326626
165,2023-02-12,0.00419270782790269
166,2023-02-13,0.00607755669449089
167,2023-02-14,0.00864806387049024
168,2023-02-15,0.00709705896331044
169,2023-02-16,0.00808732512770362
170,2023-02-17,0.00270614267804312
171,2023-02-18,0.00320535744899047
172,2023-02-19,0.00608259015022824
173,2023-02-20,0.0096783617345588
174,2023-02-21,0.0118317590894723
175,2023-02-22,0.0112557976166812
176,2023-02-23,0.00930212209450382
177,2023-02-24,0.00816968181805516
178,2023-02-25,0.00887779065294925
179,2023-02-26,0.0124324464704841
180,2023-02-27,0.00942961010738568
181,2023-02-28,0.00736996389553892
182,2023-03-01,0.0134899008741621
183,2023-03-02,0.0148249291603199
184,2023-03-03,0.00692359684093978
185,2023-03-04,0.00602634861592599
186,2023-03-05,0.00825291023603782
187,2023-03-06,0.0107823165611016
188,2023-03-07,0.0144270329743229
189,2023-03-08,0.0131843253791407
190,2023-03-09,0.0125461069272003
191,2023-03-10,0.0120193021291999
192,2023-03-11,0.0121226642772348
193,2023-03-12,0.010998518302016
194,2023-03-13,0.00578782348387941
195,2023-03-14,0.00492304558524711
196,2023-03-15,0.00673498194417775
197,2023-03-16,0.0114138808049676
198,2023-03-17,0.0065854040493088
199,2023-03-18,0.00332422322867617
200,2023-03-19,0.00333638371214167
201,2023-03-20,0.00385043169183638
202,2023-03-21,0.00935749836310726
203,2023-03-22,0.0127678284259287
204,2023-03-23,0.0133774283934723
205,2023-03-24,0.0125792270298163
206,2023-03-25,0.003860023991273
207,2023-03-26,0.00659128572354375
208,2023-03-27,0.00945714671068326
209,2023-03-28,0.00803182550030996
210,2023-03-29,0.0060990377502149
211,2023-03-30,0.0107255524149014
212,2023-03-31,0.0127753982381575
213,2023-04-01,0.00450794974423126
214,2023-04-02,0.00921140833830724
215,2023-04-03,0.0121651092194952
216,2023-04-04,0.0128276748747349
217,2023-04-05,0.0108804640123818
218,2023-04-06,0.00742439520568822
219,2023-04-07,0.0084262737478694
220,2023-04-08,0.00878438521282409
221,2023-04-09,0.0102898948261458
222,2023-04-10,0.0118468343538957
223,2023-04-11,0.0110567742429504
224,2023-04-12,0.00999071514657275
225,2023-04-13,0.0099690690674264
226,2023-04-14,0.0119154519093402
227,2023-04-15,0.0130322396318955
228,2023-04-16,0.00625586792864282
229,2023-04-17,0.00533019317281103
230,2023-04-18,0.0101034062993336
231,2023-04-19,0.0136680657719027
232,2023-04-20,0.0142561178031199
233,2023-04-21,0.0138619958218469
234,2023-04-22,0.00973067361028922
235,2023-04-23,0.0093002242584139
236,2023-04-24,0.00724296780441878
237,2023-04-25,0.0104623769087755
238,2023-04-26,0.0134896416807397
239,2023-04-27,0.0131591706985909
240,2023-04-28,0.0105265064442511
241,2023-04-29,0.00826391677673191
242,2023-04-30,0.00599609015361321
243,2023-05-01,0.00830227500321626
244,2023-05-02,0.0105132406513969
245,2023-05-03,0.0129907744856683
246,2023-05-04,0.0135125890127242
247,2023-05-05,0.0155723164213182
248,2023-05-06,0.0161723968375361
249,2023-05-07,0.0156195147875508
250,2023-05-08,0.0150917118387015
251,2023-05-09,0.0148989361301629
252,2023-05-10,0.0139550130127581
253,2023-05-11,0.0157606387804874
254,2023-05-12,0.0177406085880868
255,2023-05-13,0.0159403612152814
256,2023-05-14,0.0145333217130033
257,2023-05-15,0.0146278082052095
258,2023-05-16,0.0145352391497881
259,2023-05-17,0.0140771259038681
260,2023-05-18,0.014117789752264
261,2023-05-19,0.013062196963636
262,2023-05-20,0.01466468635669
263,2023-05-21,0.0117688226111403
264,2023-05-22,0.0111201731017744
265,2023-05-23,0.0141924696873328
266,2023-05-24,0.0154317258633767
267,2023-05-25,0.0149825921710204
268,2023-05-26,0.0135971059307757
269,2023-05-27,0.0123335663005804
270,2023-05-28,0.0138525602271348
271,2023-05-29,0.0138108422956194
272,2023-05-30,0.0135356729939542
273,2023-05-31,0.0142243058124388
274,2023-06-01,0.0150238545540946
275,2023-06-02,0.0146547661543908
276,2023-06-03,0.0140704347286373
277,2023-06-04,0.0149478139884939
278,2023-06-05,0.0137195895317791
279,2023-06-06,0.0135310169208249
280,2023-06-07,0.0133087770129093
281,2023-06-08,0.0137212243544954
282,2023-06-09,0.0136655321982078
283,2023-06-10,0.0155764619979744
284,2023-06-11,0.0148473674398518
285,2023-06-12,0.0138219728527327
286,2023-06-13,0.0145731399157978
287,2023-06-14,0.0156492108674344
288,2023-06-15,0.0160742350795184
289,2023-06-16,0.0147785822134183
290,2023-06-17,0.0144269364918911
291,2023-06-18,0.0143899065830434
292,2023-06-19,0.0145738981193816
293,2023-06-20,0.0126509068103394
294,2023-06-21,0.0120797917950014
295,2023-06-22,0.0161291130082306
296,2023-06-23,0.0149878932908648
297,2023-06-24,0.0144742121167406
298,2023-06-25,0.0145607523989365
299,2023-06-26,0.0139916710816606
300,2023-06-27,0.0130335372352897
301,2023-06-28,0.0120250866172196
302,2023-06-29,0.0125528186879525
303,2023-06-30,0.0136383300637732
304,2023-07-01,0.0142833157995189
305,2023-07-02,0.0141494034065141
306,2023-07-03,0.0132554100986307
307,2023-07-04,0.0140116016375785
308,2023-07-05,0.0150454567187945
309,2023-07-06,0.015444657844115
310,2023-07-07,0.0147499526613345
311,2023-07-08,0.0152483503616443
312,2023-07-09,0.0156918229697498
313,2023-07-10,0.0159066716077352
314,2023-07-11,0.0161103560422274
315,2023-07-12,0.0151922623932625
316,2023-07-13,0.0149447699371405
317,2023-07-14,0.014143957175559
318,2023-07-15,0.0134668512589703
319,2023-07-16,0.0117927794285928
320,2023-07-17,0.0105621696877848
321,2023-07-18,0.0113452488751706
322,2023-07-19,0.0122975021456086
323,2023-07-20,0.0120575968446586
324,2023-07-21,0.0114726031556575
325,2023-07-22,0.012013954158656
326,2023-07-23,0.0131587754967952
327,2023-07-24,0.0135569178188841
328,2023-07-25,0.0137053709500704
329,2023-07-26,0.0140258902766168
330,2023-07-27,0.0124813647602092
331,2023-07-28,0.0118303896395979
332,2023-07-29,0.0114685054151153
333,2023-07-30,0.012297969550186
334,2023-07-31,0.0123197344682095
335,2023-08-01,0.0124558334596305
336,2023-08-02,0.012260222091396
337,2023-08-03,0.0143712002647608
338,2023-08-04,0.0146079813059645
339,2023-08-05,0.0138879275299853
340,2023-08-06,0.0136325145234363
341,2023-08-07,0.0144919850828239
342,2023-08-08,0.0143714513831932
343,2023-08-09,0.0147044165718435
344,2023-08-10,0.0148577603765509
345,2023-08-11,0.0145997914269266
346,2023-08-12,0.0151464767916354
347,2023-08-13,0.0151641224804946
348,2023-08-14,0.0130303020064597
349,2023-08-15,0.0127168733560753
350,2023-08-16,0.0101378745084271
351,2023-08-17,0.0110476582082967
352,2023-08-18,0.0113379994790644
353,2023-08-19,0.0122563545474538
354,2023-08-20,0.0122932889957376
355,2023-08-21,0.0121885590993733
356,2023-08-22,0.0144095933064818
357,2023-08-23,0.0158633798210308
358,2023-08-24,0.0134680811927249
359,2023-08-25,0.0120128050477084
360,2023-08-26,0.0136113568124446
361,2023-08-27,0.0109342751222559
362,2023-08-28,0.012706220953142
363,2023-08-29,0.0121413603544969
364,2023-08-30,0.00965685796256017
365,2023-08-31,0.00897728811450905
366,2023-09-01,0.00997796918458371
367,2023-09-02,0.0106560613964731
368,2023-09-03,0.0122564218390376
369,2023-09-04,0.0145521464585938
370,2023-09-05,0.0163716357365966
371,2023-09-06,0.0147149060415386
372,2023-09-07,0.0131675992443255
373,2023-09-08,0.0118518208266433
374,2023-09-09,0.0120941165380763
375,2023-09-10,0.0127615015212954
376,2023-09-11,0.0111357790283915
377,2023-09-12,0.0117234960833395
378,2023-09-13,0.0129027439321325
379,2023-09-14,0.0157538887578994
380,2023-09-15,0.0172837036873468
381,2023-09-16,0.016622344178919
382,2023-09-17,0.0143829564307581
383,2023-09-18,0.0127151410372909
384,2023-09-19,0.0130211165400617
385,2023-09-20,0.0148457958447662
386,2023-09-21,0.0150358401629321
387,2023-09-22,0.0159260921810537
388,2023-09-23,0.0168423146536254
389,2023-09-24,0.0161515200837525
390,2023-09-25,0.0175458176491895
391,2023-09-26,0.0161599130193336
392,2023-09-27,0.0133991036599389
393,2023-09-28,0.0140922045607985
394,2023-09-29,0.0139103317833176
395,2023-09-30,0.0142524470104789
396,2023-10-01,0.0144332978472283
397,2023-10-02,0.0141624799151105
398,2023-10-03,0.01484149079323
399,2023-10-04,0.0158602717436022
400,2023-10-05,0.0175792488899797
401,2023-10-06,0.0138267838088043
402,2023-10-07,0.00843229520456828
403,2023-10-08,0.00660059431854711
404,2023-10-09,0.00848994004972881
405,2023-10-10,0.0112421449480785
406,2023-10-11,0.0128113188301072
407,2023-10-12,0.0131499396455992
408,2023-10-13,0.0151368722053847
409,2023-10-14,0.00708160302695828
410,2023-10-15,0.00522865239892983
411,2023-10-16,0.00549594962009878
412,2023-10-17,0.0049872712103998
413,2023-10-18,0.00662699506989671
414,2023-10-19,0.00932925798097682
415,2023-10-20,0.00718750643739101
416,2023-10-21,0.00647543068161479
417,2023-10-22,0.0109484466010319
418,2023-10-23,0.0143117363567022
419,2023-10-24,0.0156243811749543
420,2023-10-25,0.016002622335406
421,2023-10-26,0.0156420656736244
422,2023-10-27,0.0163740942247607
423,2023-10-28,0.0167506020186902
424,2023-10-29,0.0151407412738972
425,2023-10-30,0.00468459811103954
426,2023-10-31,0.00405521174032015
427,2023-11-01,0.00402170315683547
428,2023-11-02,0.00421010127356934
429,2023-11-03,0.00789105541935906
430,2023-11-04,0.0107267846005282
431,2023-11-05,0.0108097602244034
432,2023-11-06,0.012134030411923
433,2023-11-07,0.0124504680514825
434,2023-11-08,0.0134029329608599
435,2023-11-09,0.0148055204472533
436,2023-11-10,0.00993793698455762
437,2023-11-11,0.00836191475955826
438,2023-11-12,0.00930498914459175
439,2023-11-13,0.00999595795880363
440,2023-11-14,0.00774974092627132
441,2023-11-15,0.00777061957680159
442,2023-11-16,0.00872211288684283
443,2023-11-17,0.00983734205812028
444,2023-11-18,0.0107335666537925
445,2023-11-19,0.0111232390098104
446,2023-11-20,0.0121383292987388
447,2023-11-21,0.0064765539166113
448,2023-11-22,0.00440849431977382
449,2023-11-23,0.00394363043156001
450,2023-11-24,0.00568272752776704
451,2023-11-25,0.0076033079648635
452,2023-11-26,0.00745968281519552
453,2023-11-27,0.00346022663576848
454,2023-11-28,0.00369463308104032
455,2023-11-29,0.00496895303638097
456,2023-11-30,0.0100425531396247
457,2023-12-01,0.00952326513431741
458,2023-12-02,0.00763198661657916
459,2023-12-03,0.00598099961644039
460,2023-12-04,0.00436880403772147
461,2023-12-05,0.00457925694751215
462,2023-12-06,0.00520773964458983
463,2023-12-07,0.00722725617856897
464,2023-12-08,0.0110588997444891
465,2023-12-09,0.0105226508887353
466,2023-12-10,0.00382583863584024
467,2023-12-11,0.00266168914080334
468,2023-12-12,0.00565748787696727
469,2023-12-13,0.00845784293499427
470,2023-12-14,0.00728826703341452
471,2023-12-15,0.0100103552980029
472,2023-12-16,0.00766916843566272
473,2023-12-17,0.00465883635339619
474,2023-12-18,0.004994464385549
475,2023-12-19,0.00497910808101579
476,2023-12-20,0.00827747462623085
477,2023-12-21,0.010009942042425
478,2023-12-22,0.0106212781410608
479,2023-12-23,0.0106873970944434
480,2023-12-24,0.0112807713366687
481,2023-12-25,0.00606650364999142
482,2023-12-26,0.00422971527182704
483,2023-12-27,0.00485443485479783
484,2023-12-28,0.004249586869558
485,2023-12-29,0.00417258598514823
486,2023-12-30,0.00372383787591866
487,2023-12-31,0.0049806311902957
488,2024-01-01,0.00614375025422002
489,2024-01-02,0.0051895559302677
490,2024-01-03,0.00602202651130901
491,2024-01-04,0.00588892538787214
492,2024-01-05,0.00765604267985739
493,2024-01-06,0.00476397550488455
494,2024-01-07,0.00514060580418586
495,2024-01-08,0.00844688462081714
496,2024-01-09,0.00307238686916823
497,2024-01-10,0.00289553042761088
498,2024-01-11,0.00648178307356012
499,2024-01-12,0.00604218635543466
500,2024-01-13,0.003271111617314
501,2024-01-14,0.00322660063513945
502,2024-01-15,0.00243158497338447
503,2024-01-16,0.00133623206997384
504,2024-01-17,0.00120887020169205
505,2024-01-18,0.00342367702464202
506,2024-01-19,0.00398583320731467
507,2024-01-20,0.00209172803678108
508,2024-01-21,0.00280673384391279
509,2024-01-22,0.00470173282306547
510,2024-01-23,0.00811452763931205
511,2024-01-24,0.0106830339751799
512,2024-01-25,0.00957908649632538
513,2024-01-26,0.00903029292892439
514,2024-01-27,0.0087847199503831
515,2024-01-28,0.00515208636161241
516,2024-01-29,0.00470698699990118
517,2024-01-30,0.00539661173631127
518,2024-01-31,0.00593223207338591
519,2024-02-01,0.00762460996617911
520,2024-02-02,0.0107496579511637
521,2024-02-03,0.00993171627891974
522,2024-02-04,0.00444183131795132
523,2024-02-05,0.00648862373958709
524,2024-02-06,0.00584326124152714
525,2024-02-07,0.0072140138827951
526,2024-02-08,0.0108095293010895
527,2024-02-09,0.0116643206912535
528,2024-02-10,0.0110396342069814
529,2024-02-11,0.00927857360908423
530,2024-02-12,0.00545528232157607
531,2024-02-13,0.00466421956485702
532,2024-02-14,0.00682598270412365
533,2024-02-15,0.00984629242789151
534,2024-02-16,0.010530652415426
535,2024-02-17,0.00550310239707345
536,2024-02-18,0.0029629207045108
537,2024-02-19,0.00408052916478629
538,2024-02-20,0.00713672777202752
539,2024-02-21,0.0100512381377301
540,2024-02-22,0.00981598535277457
541,2024-02-23,0.00575095176993107
542,2024-02-24,0.00541666617165461
543,2024-02-25,0.00731723534938117
544,2024-02-26,0.0110033001360305
545,2024-02-27,0.0127094429376714
546,2024-02-28,0.00889990087586803
547,2024-02-29,0.00452291843718896
548,2024-03-01,0.00629361604417985
549,2024-03-02,0.00875191086952603
550,2024-03-03,0.0107414987528546
551,2024-03-04,0.0126341011438688
552,2024-03-05,0.0109406489857727
553,2024-03-06,0.00789094823436115
554,2024-03-07,0.0111317377481045
555,2024-03-08,0.00995347095239493
556,2024-03-09,0.00607952575265157
557,2024-03-10,0.00494036060226423
558,2024-03-11,0.006395661695437
559,2024-03-12,0.0102842502008844
560,2024-03-13,0.0131780535224919
561,2024-03-14,0.0141394587017295
562,2024-03-15,0.0142656338314121
563,2024-03-16,0.0120875800623455
564,2024-03-17,0.012313947213268
565,2024-03-18,0.00739173585962918
566,2024-03-19,0.00489652032771082
567,2024-03-20,0.00676816806545237
568,2024-03-21,0.0107294023871855
569,2024-03-22,0.00975133811659885
570,2024-03-23,0.00872521705201103
571,2024-03-24,0.0104209555552877
572,2024-03-25,0.0112429155428386
573,2024-03-26,0.00562763988861174
574,2024-03-27,0.00621633509978313
575,2024-03-28,0.00739471868945831
576,2024-03-29,0.00929135293758597
577,2024-03-30,0.0118548323193358
578,2024-03-31,0.0137544846082238
579,2024-04-01,0.0143306540299414
580,2024-04-02,0.00944145884767005
581,2024-04-03,0.00551972195924721
582,2024-04-04,0.00512724886048642
583,2024-04-05,0.00595878080860006
584,2024-04-06,0.010409474999625
585,2024-04-07,0.0109420930431695
586,2024-04-08,0.0107804142788871
587,2024-04-09,0.0152850489959949
588,2024-04-10,0.0126880268869696
589,2024-04-11,0.00698363799731144
590,2024-04-12,0.00719003611764014
591,2024-04-13,0.00948263889865367
592,2024-04-14,0.0117922007456666
593,2024-04-15,0.0138311967114927
594,2024-04-16,0.0139776579635876
595,2024-04-17,0.0158197401724097
596,2024-04-18,0.0146663846081179
597,2024-04-19,0.013001647340416
598,2024-04-20,0.012560821197118
599,2024-04-21,0.00710293144455669
600,2024-04-22,0.00638628358167192
601,2024-04-23,0.0100068569346801
602,2024-04-24,0.0142900032859126
603,2024-04-25,0.0149424761531385
604,2024-04-26,0.0143141263997126
605,2024-04-27,0.015144419300163
606,2024-04-28,0.0152601720871065
607,2024-04-29,0.0150881607163077
608,2024-04-30,0.0149081180547129
609,2024-05-01,0.0157940184175404
610,2024-05-02,0.0162155119986791
611,2024-05-03,0.0160010000914241
612,2024-05-04,0.0154068801855443
613,2024-05-05,0.0156521108906923
614,2024-05-06,0.0165223326625754
615,2024-05-07,0.0169022186798034
616,2024-05-08,0.0166097511125804
617,2024-05-09,0.0142154762453183
618,2024-05-10,0.0135690690714377
619,2024-05-11,0.0116042497313835
620,2024-05-12,0.0145863556477119
621,2024-05-13,0.0158751443136634
622,2024-05-14,0.0107894727186949
623,2024-05-15,0.00978580672583483
624,2024-05-16,0.0151966928029339
625,2024-05-17,0.0150392416634155
626,2024-05-18,0.0149544513845496
627,2024-05-19,0.014726555814515
628,2024-05-20,0.0138474334621651
629,2024-05-21,0.0162536093478345
630,2024-05-22,0.0169424381144721
631,2024-05-23,0.0161307060695959
632,2024-05-24,0.016002458099257
633,2024-05-25,0.0164777531530802
634,2024-05-26,0.015114848143327
635,2024-05-27,0.0128600272723953
636,2024-05-28,0.0158242324621163
637,2024-05-29,0.0167181556926796
638,2024-05-30,0.0171268579651216
639,2024-05-31,0.0169918553108782
640,2024-06-01,0.0175714515281296
641,2024-06-02,0.0183319444791649
642,2024-06-03,0.0174618115956716
643,2024-06-04,0.0177195299101636
644,2024-06-05,0.0177638596158964
645,2024-06-06,0.0172560034035188
646,2024-06-07,0.0140057537843464
647,2024-06-08,0.0138700555603142
648,2024-06-09,0.0152685719688018
649,2024-06-10,0.0172253886409424
650,2024-06-11,0.0172286646539402
651,2024-06-12,0.0180580314446354
652,2024-06-13,0.0175056159508066
653,2024-06-14,0.0184585286323169
654,2024-06-15,0.0169035645185339
655,2024-06-16,0.0169754803916816
656,2024-06-17,0.016390561361355
657,2024-06-18,0.0163836857113479
658,2024-06-19,0.0161580619098844
659,2024-06-20,0.0178840361004037
660,2024-06-21,0.0173562894119044
661,2024-06-22,0.0175330415250489
662,2024-06-23,0.0172126572155817
663,2024-06-24,0.0178998982312741
664,2024-06-25,0.0181279772506895
665,2024-06-26,0.0182041524018095
666,2024-06-27,0.0170377475007277
667,2024-06-28,0.0167144417993235
668,2024-06-29,0.017790950366738
669,2024-06-30,0.0165509396618364
670,2024-07-01,0.0154555887924601
671,2024-07-02,0.0135016629879241
672,2024-07-03,0.0138691482463419
673,2024-07-04,0.0151715414067072
674,2024-07-05,0.0146187729592614
675,2024-07-06,0.0144566218662687
676,2024-07-07,0.0184121950966955
677,2024-07-08,0.0171860358783637
678,2024-07-09,0.0143659920502228
679,2024-07-10,0.0156442659067442
680,2024-07-11,0.0163819608560792
681,2024-07-12,0.0159620012502384
682,2024-07-13,0.0154744389071835
683,2024-07-14,0.0158509086144881
684,2024-07-15,0.0155963318144921
685,2024-07-16,0.0140838696882411
686,2024-07-17,0.0152655586111124
687,2024-07-18,0.016216806252487
688,2024-07-19,0.0167878200829198
689,2024-07-20,0.0167897900324221
690,2024-07-21,0.0165288699884908
691,2024-07-22,0.0170022550220084
692,2024-07-23,0.0175694660412975
693,2024-07-24,0.016369800139783
694,2024-07-25,0.0159212198082565
695,2024-07-26,0.0153188839580657
696,2024-07-27,0.0160153295510834
697,2024-07-28,0.0160472827276798
698,2024-07-29,0.017778575495638
699,2024-07-30,0.018108516124858
700,2024-07-31,0.0169214386577633
701,2024-08-01,0.0147229904141936
702,2024-08-02,0.0165160461117259
703,2024-08-03,0.0161509670263081
704,2024-08-04,0.016245420240195
705,2024-08-05,0.0165803583122489
706,2024-08-06,0.0154754386490418
707,2024-08-07,0.0159550473397372
708,2024-08-08,0.0150812254957573
709,2024-08-09,0.0151712986360765
710,2024-08-10,0.0163440469316103
711,2024-08-11,0.016588529569539
712,2024-08-12,0.0170360034874951
713,2024-08-13,0.0169435207216972
714,2024-08-14,0.0162706206966605
715,2024-08-15,0.0160794175404002
716,2024-08-16,0.0158013196819641
717,2024-08-17,0.0155419230830357
718,2024-08-18,0.0147963884084326
719,2024-08-19,0.0139119887343523
720,2024-08-20,0.0121397660372572
721,2024-08-21,0.0113959771444588
722,2024-08-22,0.0137929020289595
723,2024-08-23,0.0154150980948047
724,2024-08-24,0.0164378459431287
725,2024-08-25,0.0150028050423252
726,2024-08-26,0.0148259453273218
727,2024-08-27,0.0151585177918238
728,2024-08-28,0.0159335622476941
729,2024-08-29,0.016161379337339
730,2024-08-30,0.0160408739995381
731,2024-08-31,0.0158431555798296
732,2024-09-01,0.0154539675468278
733,2024-09-02,0.0155527071023096
734,2024-09-03,0.0161760806745727
735,2024-09-04,0.0166758333422206
736,2024-09-05,0.0165620856963079
737,2024-09-06,0.0157567137344317
738,2024-09-07,0.0127527150313718
739,2024-09-08,0.00876883735217041
740,2024-09-09,0.00854983698985906
741,2024-09-10,0.0106365963513257
742,2024-09-11,0.0145728148959784
743,2024-09-12,0.0135324766349066
744,2024-09-13,0.0130895974533162
745,2024-09-14,0.0147260277816612
746,2024-09-15,0.0147691339600098
747,2024-09-16,0.0149899892617168
748,2024-09-17,0.0155579595723086
749,2024-09-18,0.0169792966035223
750,2024-09-19,0.0166762497092625
751,2024-09-20,0.0167218362595039
752,2024-09-21,0.0157662431916429
753,2024-09-22,0.0150584003516482
754,2024-09-23,0.0140351090907129
755,2024-09-24,0.0133056306618858
756,2024-09-25,0.0139964998516282
757,2024-09-26,0.0104088023959922
758,2024-09-27,0.0080749805501634
759,2024-09-28,0.00817165720144832
760,2024-09-29,0.00753964684642569
761,2024-09-30,0.00859640768877315
762,2024-10-01,0.00962446250769338
763,2024-10-02,0.00977326211733555
764,2024-10-03,0.011654559847419
765,2024-10-04,0.0125288231194847
766,2024-10-05,0.0137389393692667
767,2024-10-06,0.0137156174304152
768,2024-10-07,0.00995089647458923
769,2024-10-08,0.00916027878481669
770,2024-10-09,0.0065260310663202
771,2024-10-10,0.00612031123624418
772,2024-10-11,0.00794520719456628
773,2024-10-12,0.00829204659017668
774,2024-10-13,0.00897295467292119
775,2024-10-14,0.00752394609423731
776,2024-10-15,0.00789151477187665
777,2024-10-16,0.00537682423659723
778,2024-10-17,0.00374591956973415
779,2024-10-18,0.00748624557492822
780,2024-10-19,0.0117425780409401
781,2024-10-20,0.0125820571980016
782,2024-10-21,0.0115538901600027
783,2024-10-22,0.0124190122223073
784,2024-10-23,0.0118184754874256
785,2024-10-24,0.0114294095905592
786,2024-10-25,0.0121823831924679
787,2024-10-26,0.01253061149989
788,2024-10-27,0.0119661580785319
789,2024-10-28,0.0117181240077686
790,2024-10-29,0.0141990025483091
791,2024-10-30,0.0145038651511769
792,2024-10-31,0.0148368675609806
793,2024-11-01,0.0144254330961937
794,2024-11-02,0.0137141311759919
795,2024-11-03,0.0146052085705139
796,2024-11-04,0.0156703859631142
797,2024-11-05,0.0110574031567361
798,2024-11-06,0.00669000732343211
799,2024-11-07,0.0119689138702616
800,2024-11-08,0.0159929461890098
801,2024-11-09,0.0127693616215967
802,2024-11-10,0.0113772967221178
803,2024-11-11,0.00804114102908043
804,2024-11-12,0.00802629761282599
805,2024-11-13,0.0094614781538081
806,2024-11-14,0.00518414191607706
807,2024-11-15,0.0051130872487909
808,2024-11-16,0.00912883232942679
809,2024-11-17,0.0127434473487106
810,2024-11-18,0.0138141496225749
811,2024-11-19,0.00526189064604672
812,2024-11-20,0.00454960365290518
813,2024-11-21,0.00283577032957574
814,2024-11-22,0.00360506641116426
815,2024-11-23,0.00542305037261674
816,2024-11-24,0.00984087904193204
817,2024-11-25,0.0114250520145464
818,2024-11-26,0.00587520568697441
819,2024-11-27,0.00851417246105319
820,2024-11-28,0.00676897285133365
821,2024-11-29,0.00338998573186638
822,2024-11-30,0.00353412196831542
823,2024-12-01,0.00566369140722949
824,2024-12-02,0.00559141667562095
825,2024-12-03,0.0046657156640184
826,2024-12-04,0.00827246251800615
827,2024-12-05,0.00878007297117188
828,2024-12-06,0.00363057979760042
829,2024-12-07,0.00434850277396794
830,2024-12-08,0.00720787576559668
831,2024-12-09,0.00919333384713309
832,2024-12-10,0.00705191818556297
833,2024-12-11,0.003001513636925
834,2024-12-12,0.00298505581355644
835,2024-12-13,0.00900520290415076
836,2024-12-14,0.0115140219750541
837,2024-12-15,0.0128478649062942
838,2024-12-16,0.0129956462046583
839,2024-12-17,0.0126075432929822
840,2024-12-18,0.0111206137766883
841,2024-12-19,0.00536853094136041
842,2024-12-20,0.00591086313502412
843,2024-12-21,0.00396097626482993
844,2024-12-22,0.00497847058689175
845,2024-12-23,0.00903122183147141
846,2024-12-24,0.0109880486117544
847,2024-12-25,0.0112958530345085
848,2024-12-26,0.0108417954549871
849,2024-12-27,0.00690875239517408
850,2024-12-28,0.00882192892187059
851,2024-12-29,0.00500696136015279
852,2024-12-30,0.00631791036199741
853,2024-12-31,0.00473609634244702
854,2025-01-01,0.00460915794805388
855,2025-01-02,0.00522333800185923
856,2025-01-03,0.00768039458033845
857,2025-01-04,0.0101727641333421
858,2025-01-05,0.0105192659121722
859,2025-01-06,0.00221102853435576
860,2025-01-07,0.00185925542580368
861,2025-01-08,0.00218452840577223
862,2025-01-09,0.00296346553321457
863,2025-01-10,0.00412340530645892
864,2025-01-11,0.00326215504519312
865,2025-01-12,0.00403771654178266
866,2025-01-13,0.00416364696116723
867,2025-01-14,0.00395584696841501
868,2025-01-15,0.00499392765505954
869,2025-01-16,0.00417450973540639
870,2025-01-17,0.00497303623559113
871,2025-01-18,0.00591314393401409
872,2025-01-19,0.00247503055266641
873,2025-01-20,0.00160365138994295
874,2025-01-21,0.00219310732335534
875,2025-01-22,0.00191766136449955
876,2025-01-23,0.00258194495167706
877,2025-01-24,0.00235079166584065
878,2025-01-25,0.00443562133898582
879,2025-01-26,0.00902035328115083
880,2025-01-27,0.00684757273869984
881,2025-01-28,0.00706030997080785
882,2025-01-29,0.00933407840255479
883,2025-01-30,0.0103212678017132
884,2025-01-31,0.00431574241615681
885,2025-02-01,0.00476291603344079
886,2025-02-02,0.00618562474788044
887,2025-02-03,0.00972670164415519
888,2025-02-04,0.0125035122366189
889,2025-02-05,0.0125719830758324
890,2025-02-06,0.0130668175688973
891,2025-02-07,0.0127573779142095
892,2025-02-08,0.0130813425604367
893,2025-02-09,0.0114608844918566
894,2025-02-10,0.00794489443892463
895,2025-02-11,0.0107772975861368
896,2025-02-12,0.0103432556774204
897,2025-02-13,0.00446438445560305
898,2025-02-14,0.00458335455370634
899,2025-02-15,0.00913877852115253
900,2025-02-16,0.00488135316485605
901,2025-02-17,0.00406025672359674
902,2025-02-18,0.00816324822989946
903,2025-02-19,0.00399702803185915
904,2025-02-20,0.00177245530181663
905,2025-02-21,0.00204205542398297
906,2025-02-22,0.00327028876706732
907,2025-02-23,0.00484589544345973
908,2025-02-24,0.006209445968529
909,2025-02-25,0.00684674633396413
910,2025-02-26,0.00849469608657833
911,2025-02-27,0.00853630822537599
912,2025-02-28,0.00546932638672209
913,2025-03-01,0.00716610000153646
914,2025-03-02,0.00855845669131594
915,2025-03-03,0.0123004248410445
916,2025-03-04,0.0097731958185158
917,2025-03-05,0.00383813610456818
918,2025-03-06,0.00409918421211493
919,2025-03-07,0.00929099430842795
920,2025-03-08,0.0120879502630689
921,2025-03-09,0.00664457246764667
922,2025-03-10,0.0048854558168901
923,2025-03-11,0.00488452726888066
924,2025-03-12,0.00813684974164429
925,2025-03-13,0.00414289153713705
926,2025-03-14,0.00724228434829098
927,2025-03-15,0.00410491010236479
928,2025-03-16,0.00338225858873979
929,2025-03-17,0.00363136944860794
930,2025-03-18,0.00758908483090415
931,2025-03-19,0.00737896263822819
932,2025-03-20,0.00262710113240632
933,2025-03-21,0.00311111552758975
934,2025-03-22,0.00790221046367096
935,2025-03-23,0.0112452103598796
936,2025-03-24,0.0100353954558618
937,2025-03-25,0.0100233703369576
938,2025-03-26,0.0111119813048234
939,2025-03-27,0.0125957083243952
940,2025-03-28,0.0121172989866781
941,2025-03-29,0.0125329728518152
942,2025-03-30,0.0149198823380331
943,2025-03-31,0.013584358971613
944,2025-04-01,0.0119133592333946
945,2025-04-02,0.0140234065733643
946,2025-04-03,0.0146370138984757
947,2025-04-04,0.014869834609198
948,2025-04-05,0.0122593576911686
949,2025-04-06,0.00552638144481626
950,2025-04-07,0.00398361073122501
951,2025-04-08,0.00369607512292339
952,2025-04-09,0.00555179545725225
953,2025-04-10,0.0080213556783462
954,2025-04-11,0.00814028774303469
955,2025-04-12,0.00674156200157177
956,2025-04-13,0.00725972942180104
957,2025-04-14,0.00902708584026462
958,2025-04-15,0.00831728812655189
959,2025-04-16,0.00787128724282457
960,2025-04-17,0.0089886598394845
961,2025-04-18,0.0104084393824451
962,2025-04-19,0.0111556578147686
963,2025-04-20,0.011641946073264
964,2025-04-21,0.00760180643416301
965,2025-04-22,0.0121091964673439
966,2025-04-23,0.0146686847138247
967,2025-04-24,0.0142275561928994
968,2025-04-25,0.0140390550538973
969,2025-04-26,0.0133995661674293
970,2025-04-27,0.0130670180360815
971,2025-04-28,0.0134337565901623
972,2025-04-29,0.0130053960960452
973,2025-04-30,0.0136273053093729
974,2025-05-01,0.0137408362405205
975,2025-05-02,0.014009316271933
976,2025-05-03,0.010076460990622
977,2025-05-04,0.00681498749628475
978,2025-05-05,0.0101787152816542
979,2025-05-06,0.0142309520301889
980,2025-05-07,0.0139796633856616
981,2025-05-08,0.0126820474585537
982,2025-05-09,0.0104909069469255
983,2025-05-10,0.0105176121184621
984,2025-05-11,0.0088198872311323
985,2025-05-12,0.00797570934530931
986,2025-05-13,0.0095313144024612
987,2025-05-14,0.012623291687847
988,2025-05-15,0.0130588344716928
989,2025-05-16,0.0139481611185321
990,2025-05-17,0.0151248763990353
991,2025-05-18,0.0144767249755637
992,2025-05-19,0.0149165224754299
993,2025-05-20,0.011888191026913
994,2025-05-21,0.00785931414628232
995,2025-05-22,0.0129360074490177
996,2025-05-23,0.015137262368396
997,2025-05-24,0.0151998324771271
998,2025-05-25,0.0159397325725436
999,2025-05-26,0.0161066057826063
1000,2025-05-27,0.0167200158190246
1001,2025-05-28,0.0166233934431497
1002,2025-05-29,0.0158163956977954
1003,2025-05-30,0.0171963286308591
1004,2025-05-31,0.0158481406238438
1005,2025-06-01,0.0166925674426661
1006,2025-06-02,0.0164447388872786
1007,2025-06-03,0.017126158340787
1008,2025-06-04,0.0179208846094858
1009,2025-06-05,0.0177294391141546
1010,2025-06-06,0.0165779482458031
1011,2025-06-07,0.0171247477104624
1012,2025-06-08,0.0164049409995458
1013,2025-06-09,0.0162457872636033
1014,2025-06-10,0.0158925170109447
1015,2025-06-11,0.0169450122359764
1016,2025-06-12,0.0163097324571807
1017,2025-06-13,0.0171142546554105
1018,2025-06-14,0.0181115931793671
1019,2025-06-15,0.0185877829484378
1020,2025-06-16,0.0176714829197436
1021,2025-06-17,0.0172892079448723
1022,2025-06-18,0.0172010090794753
1023,2025-06-19,0.0177039982388831
1024,2025-06-20,0.0173694583354518
1025,2025-06-21,0.0164243511331145
1026,2025-06-22,0.0163473385031043
1027,2025-06-23,0.0165341125055677
1028,2025-06-24,0.0162007093130884
1029,2025-06-25,0.0159799850174235
1030,2025-06-26,0.0155482561788475
1031,2025-06-27,0.0157612335487184
1032,2025-06-28,0.0166043911677211
1033,2025-06-29,0.0166082387799491
1034,2025-06-30,0.0154659214554204
1035,2025-07-01,0.0147592020185777
1036,2025-07-02,0.0149017082259172
1037,2025-07-03,0.0164994206056093
1038,2025-07-04,0.0180002841240058
1039,2025-07-05,0.0182641436091878
1040,2025-07-06,0.0174219316075285
1041,2025-07-07,0.0180321109594043
1042,2025-07-08,0.017648192802256
1043,2025-07-09,0.0169105815531855
1044,2025-07-10,0.0168131044336755
1045,2025-07-11,0.0164276864732418
1046,2025-07-12,0.0175541560659467
1047,2025-07-13,0.0179440536456314
1048,2025-07-14,0.0178664647644818
1049,2025-07-15,0.018048566474457
1050,2025-07-16,0.0169402765006655
1051,2025-07-17,0.0140001130104535
1052,2025-07-18,0.0136689638749536
1053,2025-07-19,0.0160428896532253
1054,2025-07-20,0.0163445677255478
1055,2025-07-21,0.0155375233493896
1056,2025-07-22,0.014570735873551
1057,2025-07-23,0.0148140268830695
1058,2025-07-24,0.0142313492463224
1059,2025-07-25,0.0142182373639309
1060,2025-07-26,0.0159682861030704
1061,2025-07-27,0.0162332203389719
1062,2025-07-28,0.0159928286412844
1063,2025-07-29,0.012312071862386
1064,2025-07-30,0.0091650290414691
1065,2025-07-31,0.0113593415413616
1066,2025-08-01,0.0129206516507148
1067,2025-08-02,0.0138016274055428
1068,2025-08-03,0.0151059382625696
1069,2025-08-04,0.0158436200522695
1070,2025-08-05,0.0162270136243391
1071,2025-08-06,0.016082697966597
1072,2025-08-07,0.0154598547825402
1073,2025-08-08,0.0148019434500843
1074,2025-08-09,0.0142989402643941
1075,2025-08-10,0.0152564084467789
1076,2025-08-11,0.014762742764721
1077,2025-08-12,0.01409369344221
1078,2025-08-13,0.0141685522758788
1079,2025-08-14,0.014257686988761
1080,2025-08-15,0.0154683779186635
1081,2025-08-16,0.0159228473532512
1082,2025-08-17,0.0159856678043125
1083,2025-08-18,0.0140019546832061
1084,2025-08-19,0.014370044556945
1085,2025-08-20,0.0142365460745012
1086,2025-08-21,0.014377503144329
1087,2025-08-22,0.0157805276726551
1088,2025-08-23,0.0148721243856907
1089,2025-08-24,0.0127242189453388
1090,2025-08-25,0.0141152659045401
1091,2025-08-26,0.0152441595935009
1092,2025-08-27,0.0154130673000702
1093,2025-08-28,0.0149249123736294
1094,2025-08-29,0.0153917215912688
1095,2025-08-30,0.0157877032908451
1096,2025-08-31,0.0168168306094359
