date,series,subpopulation,age_group,metric,scenario,median,ci_lower_2.5,ci_upper_97.5
2025-09-01,daily,all subpops,all ages,new_H,baseline,0.0,0.0,1.0
2025-09-02,daily,all subpops,all ages,new_H,baseline,0.0,0.0,1.0
2025-09-03,daily,all subpops,all ages,new_H,baseline,0.0,0.0,1.0
2025-09-04,daily,all subpops,all ages,new_H,baseline,0.0,0.0,1.0
2025-09-05,daily,all subpops,all ages,new_H,baseline,0.0,0.0,1.0
2025-09-06,daily,all subpops,all ages,new_H,baseline,0.0,0.0,1.0
2025-09-07,daily,all subpops,all ages,new_H,baseline,0.0,0.0,1.0
2025-09-08,daily,all subpops,all ages,new_H,baseline,0.0,0.0,1.0
2025-09-09,daily,all subpops,all ages,new_H,baseline,0.0,0.0,1.0
2025-09-10,daily,all subpops,all ages,new_H,baseline,0.0,0.0,1.0
2025-09-11,daily,all subpops,all ages,new_H,baseline,0.0,0.0,1.0
2025-09-12,daily,all subpops,all ages,new_H,baseline,0.0,0.0,1.0
2025-09-13,daily,all subpops,all ages,new_H,baseline,0.0,0.0,1.0
2025-09-14,daily,all subpops,all ages,new_H,baseline,0.0,0.0,2.0
2025-09-15,daily,all subpops,all ages,new_H,baseline,0.0,0.0,1.0
2025-09-16,daily,all subpops,all ages,new_H,baseline,0.0,0.0,2.0
2025-09-17,daily,all subpops,all ages,new_H,baseline,0.0,0.0,2.0
2025-09-18,daily,all subpops,all ages,new_H,baseline,0.0,0.0,2.0
2025-09-19,daily,all subpops,all ages,new_H,baseline,0.0,0.0,2.0
2025-09-20,daily,all subpops,all ages,new_H,baseline,0.0,0.0,2.0
2025-09-21,daily,all subpops,all ages,new_H,baseline,0.0,0.0,2.0
2025-09-22,daily,all subpops,all ages,new_H,baseline,0.0,0.0,2.0
2025-09-23,daily,all subpops,all ages,new_H,baseline,0.0,0.0,2.0
2025-09-24,daily,all subpops,all ages,new_H,baseline,0.0,0.0,2.0
2025-09-25,daily,all subpops,all ages,new_H,baseline,0.0,0.0,3.0
2025-09-26,daily,all subpops,all ages,new_H,baseline,0.0,0.0,2.224999999999966
2025-09-27,daily,all subpops,all ages,new_H,baseline,1.0,0.0,3.0
2025-09-28,daily,all subpops,all ages,new_H,baseline,1.0,0.0,3.0
2025-09-29,daily,all subpops,all ages,new_H,baseline,0.0,0.0,3.0
2025-09-30,daily,all subpops,all ages,new_H,baseline,1.0,0.0,3.0
2025-10-01,daily,all subpops,all ages,new_H,baseline,1.0,0.0,3.0
2025-10-02,daily,all subpops,all ages,new_H,baseline,1.0,0.0,3.0
2025-10-03,daily,all subpops,all ages,new_H,baseline,1.0,0.0,4.0
2025-10-04,daily,all subpops,all ages,new_H,baseline,1.0,0.0,4.0
2025-10-05,daily,all subpops,all ages,new_H,baseline,1.0,0.0,4.0
2025-10-06,daily,all subpops,all ages,new_H,baseline,1.0,0.0,3.0
2025-10-07,daily,all subpops,all ages,new_H,baseline,1.0,0.0,4.0
2025-10-08,daily,all subpops,all ages,new_H,baseline,1.0,0.0,4.0
2025-10-09,daily,all subpops,all ages,new_H,baseline,1.0,0.0,5.0
2025-10-10,daily,all subpops,all ages,new_H,baseline,1.0,0.0,4.0
2025-10-11,daily,all subpops,all ages,new_H,baseline,2.0,0.0,5.0
2025-10-12,daily,all subpops,all ages,new_H,baseline,2.0,0.0,6.0
2025-10-13,daily,all subpops,all ages,new_H,baseline,2.0,0.0,5.0
2025-10-14,daily,all subpops,all ages,new_H,baseline,2.0,0.0,5.0
2025-10-15,daily,all subpops,all ages,new_H,baseline,2.0,0.0,5.0
2025-10-16,daily,all subpops,all ages,new_H,baseline,2.0,0.0,6.0
2025-10-17,daily,all subpops,all ages,new_H,baseline,2.0,0.0,7.0
2025-10-18,daily,all subpops,all ages,new_H,baseline,3.0,0.0,8.0
2025-10-19,daily,all subpops,all ages,new_H,baseline,3.0,0.0,7.0
2025-10-20,daily,all subpops,all ages,new_H,baseline,3.0,0.0,7.0
2025-10-21,daily,all subpops,all ages,new_H,baseline,3.0,0.0,8.0
2025-10-22,daily,all subpops,all ages,new_H,baseline,3.0,0.0,9.0
2025-10-23,daily,all subpops,all ages,new_H,baseline,4.0,0.0,8.224999999999966
2025-10-24,daily,all subpops,all ages,new_H,baseline,5.0,1.0,9.224999999999966
2025-10-25,daily,all subpops,all ages,new_H,baseline,5.0,1.0,10.0
2025-10-26,daily,all subpops,all ages,new_H,baseline,5.0,1.0,11.0
2025-10-27,daily,all subpops,all ages,new_H,baseline,5.0,1.0,10.0
2025-10-28,daily,all subpops,all ages,new_H,baseline,5.0,1.0,10.224999999999966
2025-10-29,daily,all subpops,all ages,new_H,baseline,6.0,1.7750000000000004,12.0
2025-10-30,daily,all subpops,all ages,new_H,baseline,6.0,2.0,13.224999999999966
2025-10-31,daily,all subpops,all ages,new_H,baseline,7.0,2.0,13.224999999999966
2025-11-01,daily,all subpops,all ages,new_H,baseline,8.0,3.0,15.0
2025-11-02,daily,all subpops,all ages,new_H,baseline,8.0,3.0,14.224999999999966
2025-11-03,daily,all subpops,all ages,new_H,baseline,8.0,3.0,15.224999999999966
2025-11-04,daily,all subpops,all ages,new_H,baseline,9.0,3.0,16.0
2025-11-05,daily,all subpops,all ages,new_H,baseline,9.0,4.0,17.0
2025-11-06,daily,all subpops,all ages,new_H,baseline,11.0,4.0,18.0
2025-11-07,daily,all subpops,all ages,new_H,baseline,11.0,5.775,19.0
2025-11-08,daily,all subpops,all ages,new_H,baseline,13.0,6.0,21.224999999999966
2025-11-09,daily,all subpops,all ages,new_H,baseline,13.0,6.0,22.0
2025-11-10,daily,all subpops,all ages,new_H,baseline,13.0,6.0,23.224999999999966
2025-11-11,daily,all subpops,all ages,new_H,baseline,14.0,6.0,23.224999999999966
2025-11-12,daily,all subpops,all ages,new_H,baseline,15.0,6.775,24.224999999999966
2025-11-13,daily,all subpops,all ages,new_H,baseline,16.0,8.0,26.0
2025-11-14,daily,all subpops,all ages,new_H,baseline,18.0,9.0,28.0
2025-11-15,daily,all subpops,all ages,new_H,baseline,20.0,10.0,29.224999999999966
2025-11-16,daily,all subpops,all ages,new_H,baseline,20.0,11.0,31.224999999999966
2025-11-17,daily,all subpops,all ages,new_H,baseline,20.0,11.0,32.0
2025-11-18,daily,all subpops,all ages,new_H,baseline,20.0,11.0,33.0
2025-11-19,daily,all subpops,all ages,new_H,baseline,22.0,13.0,34.0
2025-11-20,daily,all subpops,all ages,new_H,baseline,24.0,13.0,35.224999999999966
2025-11-21,daily,all subpops,all ages,new_H,baseline,28.0,14.0,40.0
2025-11-22,daily,all subpops,all ages,new_H,baseline,29.0,17.0,45.0
2025-11-23,daily,all subpops,all ages,new_H,baseline,30.0,18.0,43.0
2025-11-24,daily,all subpops,all ages,new_H,baseline,30.0,19.0,44.224999999999966
2025-11-25,daily,all subpops,all ages,new_H,baseline,32.0,19.0,49.0
2025-11-26,daily,all subpops,all ages,new_H,baseline,33.0,21.0,51.224999999999966
2025-11-27,daily,all subpops,all ages,new_H,baseline,36.0,22.0,52.44999999999993
2025-11-28,daily,all subpops,all ages,new_H,baseline,37.0,24.0,53.0
2025-11-29,daily,all subpops,all ages,new_H,baseline,38.0,24.0,54.0
2025-11-30,daily,all subpops,all ages,new_H,baseline,37.0,25.0,53.224999999999966
2025-12-01,daily,all subpops,all ages,new_H,baseline,37.0,23.0,51.0
2025-12-02,daily,all subpops,all ages,new_H,baseline,38.0,23.0,53.0
2025-12-03,daily,all subpops,all ages,new_H,baseline,40.0,25.0,53.224999999999966
2025-12-04,daily,all subpops,all ages,new_H,baseline,43.0,27.0,60.0
2025-12-05,daily,all subpops,all ages,new_H,baseline,47.0,29.0,66.0
2025-12-06,daily,all subpops,all ages,new_H,baseline,51.0,32.775,70.22499999999997
2025-12-07,daily,all subpops,all ages,new_H,baseline,51.0,34.0,70.0
2025-12-08,daily,all subpops,all ages,new_H,baseline,49.0,34.0,69.44999999999993
2025-12-09,daily,all subpops,all ages,new_H,baseline,52.0,36.775,69.22499999999997
2025-12-10,daily,all subpops,all ages,new_H,baseline,55.0,36.0,73.22499999999997
2025-12-11,daily,all subpops,all ages,new_H,baseline,59.0,42.775,81.22499999999997
2025-12-12,daily,all subpops,all ages,new_H,baseline,64.0,45.0,84.22499999999997
2025-12-13,daily,all subpops,all ages,new_H,baseline,68.0,48.0,89.44999999999993
2025-12-14,daily,all subpops,all ages,new_H,baseline,69.0,50.0,89.22499999999997
2025-12-15,daily,all subpops,all ages,new_H,baseline,68.0,49.55,88.22499999999997
2025-12-16,daily,all subpops,all ages,new_H,baseline,69.0,49.0,90.0
2025-12-17,daily,all subpops,all ages,new_H,baseline,73.0,54.775,94.22499999999997
2025-12-18,daily,all subpops,all ages,new_H,baseline,77.0,58.775,98.0
2025-12-19,daily,all subpops,all ages,new_H,baseline,83.0,62.0,105.22499999999997
2025-12-20,daily,all subpops,all ages,new_H,baseline,87.0,64.775,108.0
2025-12-21,daily,all subpops,all ages,new_H,baseline,88.0,66.775,109.6749999999999
2025-12-22,daily,all subpops,all ages,new_H,baseline,83.5,64.0,105.0
2025-12-23,daily,all subpops,all ages,new_H,baseline,83.0,61.775,101.22499999999997
2025-12-24,daily,all subpops,all ages,new_H,baseline,80.0,63.0,102.22499999999997
2025-12-25,daily,all subpops,all ages,new_H,baseline,82.5,63.0,102.0
2025-12-26,daily,all subpops,all ages,new_H,baseline,79.0,60.0,98.0
2025-12-27,daily,all subpops,all ages,new_H,baseline,76.0,56.775,94.0
2025-12-28,daily,all subpops,all ages,new_H,baseline,73.5,57.0,91.0
2025-12-29,daily,all subpops,all ages,new_H,baseline,69.0,51.0,87.0
2025-12-30,daily,all subpops,all ages,new_H,baseline,67.0,50.55,84.0
2025-12-31,daily,all subpops,all ages,new_H,baseline,67.0,50.0,83.22499999999997
2026-01-01,daily,all subpops,all ages,new_H,baseline,65.0,49.0,81.44999999999993
2026-01-02,daily,all subpops,all ages,new_H,baseline,63.0,45.0,77.22499999999997
2026-01-03,daily,all subpops,all ages,new_H,baseline,62.0,46.775,76.0
2026-01-04,daily,all subpops,all ages,new_H,baseline,59.0,44.0,75.0
2026-01-05,daily,all subpops,all ages,new_H,baseline,55.0,41.0,70.0
2026-01-06,daily,all subpops,all ages,new_H,baseline,54.0,40.0,69.0
2026-01-07,daily,all subpops,all ages,new_H,baseline,55.0,36.0,71.22499999999997
2026-01-08,daily,all subpops,all ages,new_H,baseline,56.0,41.0,71.22499999999997
2026-01-09,daily,all subpops,all ages,new_H,baseline,59.0,43.0,74.22499999999997
2026-01-10,daily,all subpops,all ages,new_H,baseline,61.0,47.775,76.22499999999997
2026-01-11,daily,all subpops,all ages,new_H,baseline,61.0,45.0,75.22499999999997
2026-01-12,daily,all subpops,all ages,new_H,baseline,58.0,42.0,72.0
2026-01-13,daily,all subpops,all ages,new_H,baseline,56.0,42.0,72.22499999999997
2026-01-14,daily,all subpops,all ages,new_H,baseline,57.5,42.0,76.0
2026-01-15,daily,all subpops,all ages,new_H,baseline,59.0,46.0,78.22499999999997
2026-01-16,daily,all subpops,all ages,new_H,baseline,60.0,46.0,77.22499999999997
2026-01-17,daily,all subpops,all ages,new_H,baseline,61.0,46.0,78.0
2026-01-18,daily,all subpops,all ages,new_H,baseline,60.0,44.775,77.0
2026-01-19,daily,all subpops,all ages,new_H,baseline,58.0,41.775,74.0
2026-01-20,daily,all subpops,all ages,new_H,baseline,55.0,40.775,71.0
2026-01-21,daily,all subpops,all ages,new_H,baseline,55.0,41.0,72.0
2026-01-22,daily,all subpops,all ages,new_H,baseline,55.0,41.0,75.0
2026-01-23,daily,all subpops,all ages,new_H,baseline,57.0,41.0,73.0
2026-01-24,daily,all subpops,all ages,new_H,baseline,57.0,41.0,76.0
2026-01-25,daily,all subpops,all ages,new_H,baseline,56.0,40.0,73.44999999999993
2026-01-26,daily,all subpops,all ages,new_H,baseline,52.5,38.0,70.0
2026-01-27,daily,all subpops,all ages,new_H,baseline,51.0,35.0,67.0
2026-01-28,daily,all subpops,all ages,new_H,baseline,50.0,36.775,69.0
2026-01-29,daily,all subpops,all ages,new_H,baseline,52.0,38.775,69.0
2026-01-30,daily,all subpops,all ages,new_H,baseline,52.0,37.0,69.44999999999993
2026-01-31,daily,all subpops,all ages,new_H,baseline,52.5,37.0,72.22499999999997
2026-02-01,daily,all subpops,all ages,new_H,baseline,52.0,37.0,68.22499999999997
2026-02-02,daily,all subpops,all ages,new_H,baseline,48.0,32.0,66.0
2026-02-03,daily,all subpops,all ages,new_H,baseline,47.0,32.0,64.0
2026-02-04,daily,all subpops,all ages,new_H,baseline,47.0,30.0,64.22499999999997
2026-02-05,daily,all subpops,all ages,new_H,baseline,47.0,33.0,64.0
2026-02-06,daily,all subpops,all ages,new_H,baseline,46.0,32.0,65.22499999999997
2026-02-07,daily,all subpops,all ages,new_H,baseline,47.0,32.0,64.22499999999997
2026-02-08,daily,all subpops,all ages,new_H,baseline,45.0,29.775,61.224999999999966
2026-02-09,daily,all subpops,all ages,new_H,baseline,42.0,26.775,58.224999999999966
2026-02-10,daily,all subpops,all ages,new_H,baseline,40.0,27.775,57.0
2026-02-11,daily,all subpops,all ages,new_H,baseline,40.0,28.0,58.224999999999966
2026-02-12,daily,all subpops,all ages,new_H,baseline,41.0,27.0,56.0
2026-02-13,daily,all subpops,all ages,new_H,baseline,40.0,25.0,56.0
2026-02-14,daily,all subpops,all ages,new_H,baseline,40.0,27.0,58.224999999999966
2026-02-15,daily,all subpops,all ages,new_H,baseline,39.0,24.0,56.224999999999966
2026-02-16,daily,all subpops,all ages,new_H,baseline,35.0,21.0,52.224999999999966
2026-02-17,daily,all subpops,all ages,new_H,baseline,33.0,21.0,50.224999999999966
2026-02-18,daily,all subpops,all ages,new_H,baseline,32.0,19.775,47.0
2026-02-19,daily,all subpops,all ages,new_H,baseline,30.0,18.0,44.0
2026-02-20,daily,all subpops,all ages,new_H,baseline,29.0,16.775,44.0
2026-02-21,daily,all subpops,all ages,new_H,baseline,27.0,16.775,41.0
2026-02-22,daily,all subpops,all ages,new_H,baseline,25.0,14.0,39.224999999999966
2026-02-23,daily,all subpops,all ages,new_H,baseline,23.0,13.775,37.0
2026-02-24,daily,all subpops,all ages,new_H,baseline,22.0,11.775,34.0
2026-02-25,daily,all subpops,all ages,new_H,baseline,22.0,12.0,34.0
2026-02-26,daily,all subpops,all ages,new_H,baseline,22.0,13.0,33.224999999999966
2026-02-27,daily,all subpops,all ages,new_H,baseline,21.0,12.0,33.0
2026-02-28,daily,all subpops,all ages,new_H,baseline,21.0,12.0,33.0
2026-03-01,daily,all subpops,all ages,new_H,baseline,20.5,11.0,32.224999999999966
2026-03-02,daily,all subpops,all ages,new_H,baseline,18.0,9.775,29.0
2026-03-03,daily,all subpops,all ages,new_H,baseline,17.0,10.0,29.0
2026-03-04,daily,all subpops,all ages,new_H,baseline,17.0,9.0,28.0
2026-03-05,daily,all subpops,all ages,new_H,baseline,17.0,9.0,29.0
2026-03-06,daily,all subpops,all ages,new_H,baseline,17.0,8.0,27.0
2026-03-07,daily,all subpops,all ages,new_H,baseline,17.0,8.0,28.0
2026-03-08,daily,all subpops,all ages,new_H,baseline,15.5,7.0,25.0
2026-03-09,daily,all subpops,all ages,new_H,baseline,14.5,7.0,26.0
2026-03-10,daily,all subpops,all ages,new_H,baseline,13.0,7.0,22.0
2026-03-11,daily,all subpops,all ages,new_H,baseline,13.0,6.0,22.0
2026-03-12,daily,all subpops,all ages,new_H,baseline,13.0,6.0,25.0
2026-03-13,daily,all subpops,all ages,new_H,baseline,13.0,6.0,23.0
2026-03-14,daily,all subpops,all ages,new_H,baseline,13.0,5.775,22.0
2026-03-15,daily,all subpops,all ages,new_H,baseline,12.0,5.0,22.0
2026-03-16,daily,all subpops,all ages,new_H,baseline,11.0,5.0,20.224999999999966
2026-03-17,daily,all subpops,all ages,new_H,baseline,10.0,4.775,20.0
2026-03-18,daily,all subpops,all ages,new_H,baseline,10.0,4.0,19.0
2026-03-19,daily,all subpops,all ages,new_H,baseline,11.0,4.0,20.224999999999966
2026-03-20,daily,all subpops,all ages,new_H,baseline,10.0,4.0,18.224999999999966
2026-03-21,daily,all subpops,all ages,new_H,baseline,9.0,4.0,18.224999999999966
2026-03-22,daily,all subpops,all ages,new_H,baseline,10.0,4.0,18.0
2026-03-23,daily,all subpops,all ages,new_H,baseline,9.0,3.7750000000000004,16.0
2026-03-24,daily,all subpops,all ages,new_H,baseline,8.0,3.7750000000000004,15.0
2026-03-25,daily,all subpops,all ages,new_H,baseline,8.0,3.0,15.0
2026-03-26,daily,all subpops,all ages,new_H,baseline,8.0,3.0,15.224999999999966
2026-03-27,daily,all subpops,all ages,new_H,baseline,8.0,3.0,14.0
2026-03-28,daily,all subpops,all ages,new_H,baseline,8.0,3.0,14.0
2026-03-29,daily,all subpops,all ages,new_H,baseline,8.0,2.0,13.0
2026-03-30,daily,all subpops,all ages,new_H,baseline,7.0,2.0,13.0
2026-03-31,daily,all subpops,all ages,new_H,baseline,6.0,2.0,13.0
2026-04-01,daily,all subpops,all ages,new_H,baseline,6.0,2.0,12.0
2026-04-02,daily,all subpops,all ages,new_H,baseline,6.0,2.0,12.0
2026-04-03,daily,all subpops,all ages,new_H,baseline,6.0,2.0,12.0
2026-04-04,daily,all subpops,all ages,new_H,baseline,6.0,1.7750000000000004,12.0
2026-04-05,daily,all subpops,all ages,new_H,baseline,6.0,2.0,11.0
2026-04-06,daily,all subpops,all ages,new_H,baseline,5.0,1.0,11.0
2026-04-07,daily,all subpops,all ages,new_H,baseline,5.0,0.7750000000000004,10.0
2026-04-08,daily,all subpops,all ages,new_H,baseline,5.0,1.0,10.0
2026-04-09,daily,all subpops,all ages,new_H,baseline,4.0,1.0,10.0
2026-04-10,daily,all subpops,all ages,new_H,baseline,5.0,1.0,11.0
2026-04-11,daily,all subpops,all ages,new_H,baseline,4.0,1.0,10.0
2026-04-12,daily,all subpops,all ages,new_H,baseline,4.0,1.0,9.224999999999966
2026-04-13,daily,all subpops,all ages,new_H,baseline,4.0,0.0,9.0
2026-04-14,daily,all subpops,all ages,new_H,baseline,3.0,1.0,8.0
2026-04-15,daily,all subpops,all ages,new_H,baseline,3.0,0.0,9.0
2026-04-16,daily,all subpops,all ages,new_H,baseline,3.0,0.0,8.0
2026-04-17,daily,all subpops,all ages,new_H,baseline,3.0,0.0,8.0
2026-04-18,daily,all subpops,all ages,new_H,baseline,3.0,0.0,7.0
2026-04-19,daily,all subpops,all ages,new_H,baseline,3.0,0.0,7.0
2026-04-20,daily,all subpops,all ages,new_H,baseline,3.0,0.0,7.0
2026-04-21,daily,all subpops,all ages,new_H,baseline,3.0,0.0,7.0
2026-04-22,daily,all subpops,all ages,new_H,baseline,3.0,0.0,7.0
2026-04-23,daily,all subpops,all ages,new_H,baseline,2.0,0.0,6.0
2026-04-24,daily,all subpops,all ages,new_H,baseline,2.0,0.0,5.224999999999966
2026-04-25,daily,all subpops,all ages,new_H,baseline,2.0,0.0,5.0
2026-04-26,daily,all subpops,all ages,new_H,baseline,2.0,0.0,5.0
2026-04-27,daily,all subpops,all ages,new_H,baseline,2.0,0.0,5.0
2026-04-28,daily,all subpops,all ages,new_H,baseline,2.0,0.0,5.0
2026-04-29,daily,all subpops,all ages,new_H,baseline,1.0,0.0,4.224999999999966
2026-04-30,daily,all subpops,all ages,new_H,baseline,2.0,0.0,4.0
2026-05-01,daily,all subpops,all ages,new_H,baseline,1.0,0.0,5.0
2026-05-02,daily,all subpops,all ages,new_H,baseline,1.0,0.0,4.0
2026-05-03,daily,all subpops,all ages,new_H,baseline,1.0,0.0,4.0
2026-05-04,daily,all subpops,all ages,new_H,baseline,1.0,0.0,4.0
2026-05-05,daily,all subpops,all ages,new_H,baseline,1.0,0.0,4.0
2026-05-06,daily,all subpops,all ages,new_H,baseline,1.0,0.0,3.224999999999966
2026-05-07,daily,all subpops,all ages,new_H,baseline,1.0,0.0,4.0
2026-05-08,daily,all subpops,all ages,new_H,baseline,1.0,0.0,4.0
2025-09-01,cumulative,all subpops,all ages,new_H,baseline,0.0,0.0,1.0
2025-09-02,cumulative,all subpops,all ages,new_H,baseline,0.0,0.0,1.0
2025-09-03,cumulative,all subpops,all ages,new_H,baseline,0.0,0.0,1.0
2025-09-04,cumulative,all subpops,all ages,new_H,baseline,0.0,0.0,1.0
2025-09-05,cumulative,all subpops,all ages,new_H,baseline,0.0,0.0,2.0
2025-09-06,cumulative,all subpops,all ages,new_H,baseline,0.0,0.0,2.0
2025-09-07,cumulative,all subpops,all ages,new_H,baseline,1.0,0.0,3.0
2025-09-08,cumulative,all subpops,all ages,new_H,baseline,1.0,0.0,3.0
2025-09-09,cumulative,all subpops,all ages,new_H,baseline,1.0,0.0,4.0
2025-09-10,cumulative,all subpops,all ages,new_H,baseline,1.0,0.0,4.0
2025-09-11,cumulative,all subpops,all ages,new_H,baseline,1.0,0.0,4.0
2025-09-12,cumulative,all subpops,all ages,new_H,baseline,1.0,0.0,5.0
2025-09-13,cumulative,all subpops,all ages,new_H,baseline,2.0,0.0,5.0
2025-09-14,cumulative,all subpops,all ages,new_H,baseline,2.0,0.0,5.0
2025-09-15,cumulative,all subpops,all ages,new_H,baseline,2.0,0.0,6.0
2025-09-16,cumulative,all subpops,all ages,new_H,baseline,2.0,0.0,6.0
2025-09-17,cumulative,all subpops,all ages,new_H,baseline,3.0,0.0,6.224999999999966
2025-09-18,cumulative,all subpops,all ages,new_H,baseline,3.0,0.0,7.0
2025-09-19,cumulative,all subpops,all ages,new_H,baseline,3.0,0.0,8.0
2025-09-20,cumulative,all subpops,all ages,new_H,baseline,4.0,1.0,9.0
2025-09-21,cumulative,all subpops,all ages,new_H,baseline,4.0,1.0,9.224999999999966
2025-09-22,cumulative,all subpops,all ages,new_H,baseline,5.0,1.0,10.0
2025-09-23,cumulative,all subpops,all ages,new_H,baseline,5.0,1.0,10.0
2025-09-24,cumulative,all subpops,all ages,new_H,baseline,6.0,2.0,11.0
2025-09-25,cumulative,all subpops,all ages,new_H,baseline,6.0,2.0,12.0
2025-09-26,cumulative,all subpops,all ages,new_H,baseline,7.0,2.0,13.0
2025-09-27,cumulative,all subpops,all ages,new_H,baseline,8.0,2.0,14.0
2025-09-28,cumulative,all subpops,all ages,new_H,baseline,8.0,3.0,15.0
2025-09-29,cumulative,all subpops,all ages,new_H,baseline,9.0,3.0,16.0
2025-09-30,cumulative,all subpops,all ages,new_H,baseline,10.0,4.0,16.224999999999966
2025-10-01,cumulative,all subpops,all ages,new_H,baseline,11.0,4.0,18.0
2025-10-02,cumulative,all subpops,all ages,new_H,baseline,12.0,4.0,19.0
2025-10-03,cumulative,all subpops,all ages,new_H,baseline,13.0,5.0,20.224999999999966
2025-10-04,cumulative,all subpops,all ages,new_H,baseline,14.0,6.775,22.0
2025-10-05,cumulative,all subpops,all ages,new_H,baseline,15.0,7.0,24.0
2025-10-06,cumulative,all subpops,all ages,new_H,baseline,16.0,8.0,25.224999999999966
2025-10-07,cumulative,all subpops,all ages,new_H,baseline,17.0,9.0,27.0
2025-10-08,cumulative,all subpops,all ages,new_H,baseline,19.0,10.775,28.0
2025-10-09,cumulative,all subpops,all ages,new_H,baseline,20.0,11.0,31.0
2025-10-10,cumulative,all subpops,all ages,new_H,baseline,22.0,12.0,33.0
2025-10-11,cumulative,all subpops,all ages,new_H,baseline,24.0,13.0,36.0
2025-10-12,cumulative,all subpops,all ages,new_H,baseline,26.0,14.0,39.0
2025-10-13,cumulative,all subpops,all ages,new_H,baseline,28.0,16.0,41.0
2025-10-14,cumulative,all subpops,all ages,new_H,baseline,30.0,17.775,44.0
2025-10-15,cumulative,all subpops,all ages,new_H,baseline,32.0,19.0,46.0
2025-10-16,cumulative,all subpops,all ages,new_H,baseline,34.0,21.0,50.0
2025-10-17,cumulative,all subpops,all ages,new_H,baseline,37.0,22.0,54.0
2025-10-18,cumulative,all subpops,all ages,new_H,baseline,41.0,25.0,57.224999999999966
2025-10-19,cumulative,all subpops,all ages,new_H,baseline,44.0,27.775,62.0
2025-10-20,cumulative,all subpops,all ages,new_H,baseline,47.0,29.775,65.22499999999997
2025-10-21,cumulative,all subpops,all ages,new_H,baseline,50.0,32.0,69.0
2025-10-22,cumulative,all subpops,all ages,new_H,baseline,53.0,34.775,73.0
2025-10-23,cumulative,all subpops,all ages,new_H,baseline,58.0,37.0,78.22499999999997
2025-10-24,cumulative,all subpops,all ages,new_H,baseline,63.0,40.775,85.0
2025-10-25,cumulative,all subpops,all ages,new_H,baseline,68.0,44.0,91.0
2025-10-26,cumulative,all subpops,all ages,new_H,baseline,73.0,47.775,98.22499999999997
2025-10-27,cumulative,all subpops,all ages,new_H,baseline,78.0,51.55,107.0
2025-10-28,cumulative,all subpops,all ages,new_H,baseline,84.0,55.775,113.0
2025-10-29,cumulative,all subpops,all ages,new_H,baseline,89.0,59.55,122.22499999999997
2025-10-30,cumulative,all subpops,all ages,new_H,baseline,95.5,64.0,132.22499999999997
2025-10-31,cumulative,all subpops,all ages,new_H,baseline,102.0,69.55,142.22499999999997
2025-11-01,cumulative,all subpops,all ages,new_H,baseline,111.0,75.55,151.0
2025-11-02,cumulative,all subpops,all ages,new_H,baseline,119.0,81.775,161.22499999999997
2025-11-03,cumulative,all subpops,all ages,new_H,baseline,127.0,87.1,172.22499999999997
2025-11-04,cumulative,all subpops,all ages,new_H,baseline,136.0,94.1,184.44999999999993
2025-11-05,cumulative,all subpops,all ages,new_H,baseline,145.0,102.55,193.0
2025-11-06,cumulative,all subpops,all ages,new_H,baseline,157.0,110.775,206.44999999999993
2025-11-07,cumulative,all subpops,all ages,new_H,baseline,169.0,118.55,220.22499999999997
2025-11-08,cumulative,all subpops,all ages,new_H,baseline,181.5,128.55,236.6749999999999
2025-11-09,cumulative,all subpops,all ages,new_H,baseline,194.0,141.425,257.22499999999997
2025-11-10,cumulative,all subpops,all ages,new_H,baseline,205.0,149.55,275.44999999999993
2025-11-11,cumulative,all subpops,all ages,new_H,baseline,219.5,160.55,294.0
2025-11-12,cumulative,all subpops,all ages,new_H,baseline,234.5,173.55,312.22499999999997
2025-11-13,cumulative,all subpops,all ages,new_H,baseline,250.5,183.0,332.6749999999999
2025-11-14,cumulative,all subpops,all ages,new_H,baseline,269.0,198.325,354.22499999999997
2025-11-15,cumulative,all subpops,all ages,new_H,baseline,290.0,207.55,378.0
2025-11-16,cumulative,all subpops,all ages,new_H,baseline,308.5,224.1,406.0
2025-11-17,cumulative,all subpops,all ages,new_H,baseline,326.5,242.425,432.44999999999993
2025-11-18,cumulative,all subpops,all ages,new_H,baseline,349.0,253.65,460.22499999999997
2025-11-19,cumulative,all subpops,all ages,new_H,baseline,370.5,273.875,491.0
2025-11-20,cumulative,all subpops,all ages,new_H,baseline,392.5,291.55,522.0
2025-11-21,cumulative,all subpops,all ages,new_H,baseline,419.0,313.2,551.8999999999999
2025-11-22,cumulative,all subpops,all ages,new_H,baseline,448.5,335.425,593.2249999999999
2025-11-23,cumulative,all subpops,all ages,new_H,baseline,478.5,363.4,630.1249999999998
2025-11-24,cumulative,all subpops,all ages,new_H,baseline,511.0,383.975,671.0
2025-11-25,cumulative,all subpops,all ages,new_H,baseline,540.5,409.75,707.8999999999999
2025-11-26,cumulative,all subpops,all ages,new_H,baseline,576.0,439.175,747.0
2025-11-27,cumulative,all subpops,all ages,new_H,baseline,612.0,465.4,790.8999999999999
2025-11-28,cumulative,all subpops,all ages,new_H,baseline,647.0,490.525,836.675
2025-11-29,cumulative,all subpops,all ages,new_H,baseline,683.5,515.85,886.4499999999999
2025-11-30,cumulative,all subpops,all ages,new_H,baseline,721.5,544.4,929.8999999999999
2025-12-01,cumulative,all subpops,all ages,new_H,baseline,759.0,569.975,971.2249999999999
2025-12-02,cumulative,all subpops,all ages,new_H,baseline,796.0,597.3,1015.2249999999999
2025-12-03,cumulative,all subpops,all ages,new_H,baseline,838.0,628.1,1065.0
2025-12-04,cumulative,all subpops,all ages,new_H,baseline,879.0,661.325,1119.8999999999999
2025-12-05,cumulative,all subpops,all ages,new_H,baseline,928.5,704.0,1173.1249999999998
2025-12-06,cumulative,all subpops,all ages,new_H,baseline,977.5,740.875,1226.4499999999998
2025-12-07,cumulative,all subpops,all ages,new_H,baseline,1031.0,783.975,1287.0
2025-12-08,cumulative,all subpops,all ages,new_H,baseline,1077.5,824.425,1349.1249999999998
2025-12-09,cumulative,all subpops,all ages,new_H,baseline,1135.0,870.175,1403.4499999999998
2025-12-10,cumulative,all subpops,all ages,new_H,baseline,1192.0,917.5,1476.4499999999998
2025-12-11,cumulative,all subpops,all ages,new_H,baseline,1250.5,972.3,1546.0
2025-12-12,cumulative,all subpops,all ages,new_H,baseline,1311.5,1022.325,1623.5999999999995
2025-12-13,cumulative,all subpops,all ages,new_H,baseline,1380.5,1078.875,1708.6999999999996
2025-12-14,cumulative,all subpops,all ages,new_H,baseline,1450.0,1139.875,1796.35
2025-12-15,cumulative,all subpops,all ages,new_H,baseline,1521.0,1193.55,1875.8999999999999
2025-12-16,cumulative,all subpops,all ages,new_H,baseline,1597.0,1243.875,1951.675
2025-12-17,cumulative,all subpops,all ages,new_H,baseline,1670.0,1303.875,2030.4499999999998
2025-12-18,cumulative,all subpops,all ages,new_H,baseline,1748.5,1371.65,2120.225
2025-12-19,cumulative,all subpops,all ages,new_H,baseline,1830.0,1448.325,2205.45
2025-12-20,cumulative,all subpops,all ages,new_H,baseline,1919.5,1524.525,2303.2499999999995
2025-12-21,cumulative,all subpops,all ages,new_H,baseline,2010.0,1603.525,2397.0
2025-12-22,cumulative,all subpops,all ages,new_H,baseline,2092.0,1668.875,2496.225
2025-12-23,cumulative,all subpops,all ages,new_H,baseline,2173.0,1735.65,2586.6749999999997
2025-12-24,cumulative,all subpops,all ages,new_H,baseline,2249.0,1804.3,2670.8999999999996
2025-12-25,cumulative,all subpops,all ages,new_H,baseline,2330.0,1878.375,2759.0
2025-12-26,cumulative,all subpops,all ages,new_H,baseline,2407.0,1945.15,2844.274999999999
2025-12-27,cumulative,all subpops,all ages,new_H,baseline,2481.5,2017.075,2930.6749999999997
2025-12-28,cumulative,all subpops,all ages,new_H,baseline,2556.5,2080.625,3002.5999999999995
2025-12-29,cumulative,all subpops,all ages,new_H,baseline,2624.0,2152.825,3070.7
2025-12-30,cumulative,all subpops,all ages,new_H,baseline,2694.0,2214.25,3151.9249999999997
2025-12-31,cumulative,all subpops,all ages,new_H,baseline,2757.0,2271.575,3219.9249999999997
2026-01-01,cumulative,all subpops,all ages,new_H,baseline,2819.0,2325.175,3287.399999999999
2026-01-02,cumulative,all subpops,all ages,new_H,baseline,2887.5,2384.075,3350.499999999999
2026-01-03,cumulative,all subpops,all ages,new_H,baseline,2951.0,2441.075,3418.7
2026-01-04,cumulative,all subpops,all ages,new_H,baseline,3009.0,2493.425,3482.6749999999997
2026-01-05,cumulative,all subpops,all ages,new_H,baseline,3064.5,2549.875,3539.6749999999997
2026-01-06,cumulative,all subpops,all ages,new_H,baseline,3117.5,2606.425,3588.575
2026-01-07,cumulative,all subpops,all ages,new_H,baseline,3175.5,2659.85,3653.8999999999996
2026-01-08,cumulative,all subpops,all ages,new_H,baseline,3227.0,2706.975,3702.225
2026-01-09,cumulative,all subpops,all ages,new_H,baseline,3288.0,2763.875,3762.1499999999996
2026-01-10,cumulative,all subpops,all ages,new_H,baseline,3347.5,2829.525,3824.125
2026-01-11,cumulative,all subpops,all ages,new_H,baseline,3414.0,2890.775,3884.225
2026-01-12,cumulative,all subpops,all ages,new_H,baseline,3471.0,2955.0,3942.45
2026-01-13,cumulative,all subpops,all ages,new_H,baseline,3531.5,3019.75,3987.0
2026-01-14,cumulative,all subpops,all ages,new_H,baseline,3589.5,3077.1,4041.45
2026-01-15,cumulative,all subpops,all ages,new_H,baseline,3645.0,3134.55,4098.025
2026-01-16,cumulative,all subpops,all ages,new_H,baseline,3703.5,3201.2,4153.349999999999
2026-01-17,cumulative,all subpops,all ages,new_H,baseline,3762.0,3268.875,4215.349999999999
2026-01-18,cumulative,all subpops,all ages,new_H,baseline,3824.0,3329.0,4276.25
2026-01-19,cumulative,all subpops,all ages,new_H,baseline,3883.5,3382.75,4330.924999999999
2026-01-20,cumulative,all subpops,all ages,new_H,baseline,3940.0,3435.425,4381.675
2026-01-21,cumulative,all subpops,all ages,new_H,baseline,3997.0,3503.075,4434.225
2026-01-22,cumulative,all subpops,all ages,new_H,baseline,4052.5,3577.475,4477.45
2026-01-23,cumulative,all subpops,all ages,new_H,baseline,4105.0,3633.175,4531.025
2026-01-24,cumulative,all subpops,all ages,new_H,baseline,4162.0,3697.2,4584.799999999999
2026-01-25,cumulative,all subpops,all ages,new_H,baseline,4218.5,3764.525,4632.9
2026-01-26,cumulative,all subpops,all ages,new_H,baseline,4271.0,3820.975,4677.724999999999
2026-01-27,cumulative,all subpops,all ages,new_H,baseline,4324.5,3873.775,4723.499999999999
2026-01-28,cumulative,all subpops,all ages,new_H,baseline,4379.5,3929.55,4767.499999999999
2026-01-29,cumulative,all subpops,all ages,new_H,baseline,4433.0,3998.55,4820.15
2026-01-30,cumulative,all subpops,all ages,new_H,baseline,4487.5,4058.75,4861.025
2026-01-31,cumulative,all subpops,all ages,new_H,baseline,4544.5,4122.975,4909.799999999999
2026-02-01,cumulative,all subpops,all ages,new_H,baseline,4594.0,4174.55,4959.675
2026-02-02,cumulative,all subpops,all ages,new_H,baseline,4641.5,4232.55,5002.45
2026-02-03,cumulative,all subpops,all ages,new_H,baseline,4689.0,4284.1,5049.0
2026-02-04,cumulative,all subpops,all ages,new_H,baseline,4736.5,4337.55,5085.225
2026-02-05,cumulative,all subpops,all ages,new_H,baseline,4782.0,4396.55,5125.45
2026-02-06,cumulative,all subpops,all ages,new_H,baseline,4833.5,4454.1,5162.799999999999
2026-02-07,cumulative,all subpops,all ages,new_H,baseline,4877.0,4507.325,5202.0
2026-02-08,cumulative,all subpops,all ages,new_H,baseline,4921.0,4563.55,5237.225
2026-02-09,cumulative,all subpops,all ages,new_H,baseline,4963.0,4613.85,5272.225
2026-02-10,cumulative,all subpops,all ages,new_H,baseline,5001.5,4655.65,5313.349999999999
2026-02-11,cumulative,all subpops,all ages,new_H,baseline,5043.5,4702.875,5352.9
2026-02-12,cumulative,all subpops,all ages,new_H,baseline,5085.5,4744.65,5386.675
2026-02-13,cumulative,all subpops,all ages,new_H,baseline,5127.5,4801.85,5422.125
2026-02-14,cumulative,all subpops,all ages,new_H,baseline,5166.0,4847.775,5457.225
2026-02-15,cumulative,all subpops,all ages,new_H,baseline,5201.5,4895.75,5481.225
2026-02-16,cumulative,all subpops,all ages,new_H,baseline,5241.0,4939.425,5510.349999999999
2026-02-17,cumulative,all subpops,all ages,new_H,baseline,5269.5,4980.1,5535.45
2026-02-18,cumulative,all subpops,all ages,new_H,baseline,5302.0,5016.875,5556.474999999999
2026-02-19,cumulative,all subpops,all ages,new_H,baseline,5338.0,5047.775,5588.45
2026-02-20,cumulative,all subpops,all ages,new_H,baseline,5364.0,5089.425,5606.349999999999
2026-02-21,cumulative,all subpops,all ages,new_H,baseline,5392.0,5124.3,5630.125
2026-02-22,cumulative,all subpops,all ages,new_H,baseline,5418.5,5157.775,5653.45
2026-02-23,cumulative,all subpops,all ages,new_H,baseline,5443.0,5187.55,5673.25
2026-02-24,cumulative,all subpops,all ages,new_H,baseline,5465.0,5212.775,5691.349999999999
2026-02-25,cumulative,all subpops,all ages,new_H,baseline,5487.0,5236.775,5710.45
2026-02-26,cumulative,all subpops,all ages,new_H,baseline,5507.0,5262.55,5732.0
2026-02-27,cumulative,all subpops,all ages,new_H,baseline,5529.0,5291.75,5749.9
2026-02-28,cumulative,all subpops,all ages,new_H,baseline,5550.0,5319.75,5770.0
2026-03-01,cumulative,all subpops,all ages,new_H,baseline,5569.5,5347.975,5788.125
2026-03-02,cumulative,all subpops,all ages,new_H,baseline,5584.0,5370.075,5804.675
2026-03-03,cumulative,all subpops,all ages,new_H,baseline,5603.0,5394.4,5824.675
2026-03-04,cumulative,all subpops,all ages,new_H,baseline,5622.5,5419.375,5836.225
2026-03-05,cumulative,all subpops,all ages,new_H,baseline,5638.5,5438.625,5846.9
2026-03-06,cumulative,all subpops,all ages,new_H,baseline,5655.0,5459.175,5858.45
2026-03-07,cumulative,all subpops,all ages,new_H,baseline,5673.0,5481.75,5875.225
2026-03-08,cumulative,all subpops,all ages,new_H,baseline,5688.5,5510.95,5887.9
2026-03-09,cumulative,all subpops,all ages,new_H,baseline,5702.0,5526.3,5902.125
2026-03-10,cumulative,all subpops,all ages,new_H,baseline,5715.0,5538.55,5917.225
2026-03-11,cumulative,all subpops,all ages,new_H,baseline,5728.5,5554.0,5928.225
2026-03-12,cumulative,all subpops,all ages,new_H,baseline,5742.0,5575.325,5937.0
2026-03-13,cumulative,all subpops,all ages,new_H,baseline,5758.0,5595.975,5947.675
2026-03-14,cumulative,all subpops,all ages,new_H,baseline,5769.5,5611.75,5960.675
2026-03-15,cumulative,all subpops,all ages,new_H,baseline,5783.0,5627.1,5971.45
2026-03-16,cumulative,all subpops,all ages,new_H,baseline,5795.0,5637.325,5983.675
2026-03-17,cumulative,all subpops,all ages,new_H,baseline,5805.0,5648.65,5991.675
2026-03-18,cumulative,all subpops,all ages,new_H,baseline,5816.0,5660.775,6003.45
2026-03-19,cumulative,all subpops,all ages,new_H,baseline,5829.0,5673.775,6012.225
2026-03-20,cumulative,all subpops,all ages,new_H,baseline,5840.0,5686.55,6020.45
2026-03-21,cumulative,all subpops,all ages,new_H,baseline,5851.0,5695.775,6029.9
2026-03-22,cumulative,all subpops,all ages,new_H,baseline,5863.0,5709.875,6040.0
2026-03-23,cumulative,all subpops,all ages,new_H,baseline,5872.5,5716.55,6046.45
2026-03-24,cumulative,all subpops,all ages,new_H,baseline,5881.0,5725.325,6053.9
2026-03-25,cumulative,all subpops,all ages,new_H,baseline,5887.5,5731.775,6059.575
2026-03-26,cumulative,all subpops,all ages,new_H,baseline,5894.0,5743.65,6068.225
2026-03-27,cumulative,all subpops,all ages,new_H,baseline,5901.0,5756.75,6073.225
2026-03-28,cumulative,all subpops,all ages,new_H,baseline,5909.0,5762.2,6078.675
2026-03-29,cumulative,all subpops,all ages,new_H,baseline,5917.0,5769.525,6084.675
2026-03-30,cumulative,all subpops,all ages,new_H,baseline,5922.5,5776.525,6089.225
2026-03-31,cumulative,all subpops,all ages,new_H,baseline,5930.5,5781.525,6096.225
2026-04-01,cumulative,all subpops,all ages,new_H,baseline,5936.5,5788.75,6101.225
2026-04-02,cumulative,all subpops,all ages,new_H,baseline,5943.0,5795.975,6107.45
2026-04-03,cumulative,all subpops,all ages,new_H,baseline,5950.0,5801.2,6114.225
2026-04-04,cumulative,all subpops,all ages,new_H,baseline,5957.0,5805.975,6116.675
2026-04-05,cumulative,all subpops,all ages,new_H,baseline,5962.0,5813.2,6121.349999999999
2026-04-06,cumulative,all subpops,all ages,new_H,baseline,5966.5,5818.1,6127.349999999999
2026-04-07,cumulative,all subpops,all ages,new_H,baseline,5973.0,5824.55,6132.45
2026-04-08,cumulative,all subpops,all ages,new_H,baseline,5977.0,5833.2,6135.225
2026-04-09,cumulative,all subpops,all ages,new_H,baseline,5981.0,5838.3,6142.125
2026-04-10,cumulative,all subpops,all ages,new_H,baseline,5986.5,5841.2,6146.675
2026-04-11,cumulative,all subpops,all ages,new_H,baseline,5991.0,5844.425,6154.225
2026-04-12,cumulative,all subpops,all ages,new_H,baseline,5995.0,5848.65,6158.675
2026-04-13,cumulative,all subpops,all ages,new_H,baseline,5999.5,5852.55,6162.45
2026-04-14,cumulative,all subpops,all ages,new_H,baseline,6003.0,5855.0,6166.45
2026-04-15,cumulative,all subpops,all ages,new_H,baseline,6006.5,5858.55,6172.225
2026-04-16,cumulative,all subpops,all ages,new_H,baseline,6009.5,5861.775,6176.0
2026-04-17,cumulative,all subpops,all ages,new_H,baseline,6011.0,5865.775,6176.9
2026-04-18,cumulative,all subpops,all ages,new_H,baseline,6015.0,5869.775,6181.45
2026-04-19,cumulative,all subpops,all ages,new_H,baseline,6018.5,5874.325,6184.675
2026-04-20,cumulative,all subpops,all ages,new_H,baseline,6021.0,5878.55,6186.125
2026-04-21,cumulative,all subpops,all ages,new_H,baseline,6024.0,5879.775,6186.349999999999
2026-04-22,cumulative,all subpops,all ages,new_H,baseline,6028.0,5881.775,6186.575
2026-04-23,cumulative,all subpops,all ages,new_H,baseline,6030.0,5885.0,6187.799999999999
2026-04-24,cumulative,all subpops,all ages,new_H,baseline,6032.0,5887.775,6192.349999999999
2026-04-25,cumulative,all subpops,all ages,new_H,baseline,6033.5,5892.325,6195.125
2026-04-26,cumulative,all subpops,all ages,new_H,baseline,6035.5,5893.0,6196.349999999999
2026-04-27,cumulative,all subpops,all ages,new_H,baseline,6038.0,5896.0,6197.799999999999
2026-04-28,cumulative,all subpops,all ages,new_H,baseline,6040.5,5897.55,6199.474999999999
2026-04-29,cumulative,all subpops,all ages,new_H,baseline,6042.5,5899.325,6200.924999999999
2026-04-30,cumulative,all subpops,all ages,new_H,baseline,6044.0,5900.325,6202.7
2026-05-01,cumulative,all subpops,all ages,new_H,baseline,6044.5,5901.325,6203.15
2026-05-02,cumulative,all subpops,all ages,new_H,baseline,6046.0,5903.325,6204.7
2026-05-03,cumulative,all subpops,all ages,new_H,baseline,6046.0,5904.0,6205.7
2026-05-04,cumulative,all subpops,all ages,new_H,baseline,6047.0,5906.0,6207.474999999999
2026-05-05,cumulative,all subpops,all ages,new_H,baseline,6048.5,5906.775,6209.25
2026-05-06,cumulative,all subpops,all ages,new_H,baseline,6050.5,5909.0,6210.7
2026-05-07,cumulative,all subpops,all ages,new_H,baseline,6051.5,5910.775,6211.15
2026-05-08,cumulative,all subpops,all ages,new_H,baseline,6053.0,5912.55,6214.474999999999
2025-09-01,daily,all subpops,Age 0,new_H,baseline,0.0,0.0,1.0
2025-09-02,daily,all subpops,Age 0,new_H,baseline,0.0,0.0,1.0
2025-09-03,daily,all subpops,Age 0,new_H,baseline,0.0,0.0,1.0
2025-09-04,daily,all subpops,Age 0,new_H,baseline,0.0,0.0,1.0
2025-09-05,daily,all subpops,Age 0,new_H,baseline,0.0,0.0,1.0
2025-09-06,daily,all subpops,Age 0,new_H,baseline,0.0,0.0,1.0
2025-09-07,daily,all subpops,Age 0,new_H,baseline,0.0,0.0,1.0
2025-09-08,daily,all subpops,Age 0,new_H,baseline,0.0,0.0,1.0
2025-09-09,daily,all subpops,Age 0,new_H,baseline,0.0,0.0,1.0
2025-09-10,daily,all subpops,Age 0,new_H,baseline,0.0,0.0,1.0
2025-09-11,daily,all subpops,Age 0,new_H,baseline,0.0,0.0,1.0
2025-09-12,daily,all subpops,Age 0,new_H,baseline,0.0,0.0,1.0
2025-09-13,daily,all subpops,Age 0,new_H,baseline,0.0,0.0,1.0
2025-09-14,daily,all subpops,Age 0,new_H,baseline,0.0,0.0,2.0
2025-09-15,daily,all subpops,Age 0,new_H,baseline,0.0,0.0,1.0
2025-09-16,daily,all subpops,Age 0,new_H,baseline,0.0,0.0,2.0
2025-09-17,daily,all subpops,Age 0,new_H,baseline,0.0,0.0,2.0
2025-09-18,daily,all subpops,Age 0,new_H,baseline,0.0,0.0,2.0
2025-09-19,daily,all subpops,Age 0,new_H,baseline,0.0,0.0,2.0
2025-09-20,daily,all subpops,Age 0,new_H,baseline,0.0,0.0,2.0
2025-09-21,daily,all subpops,Age 0,new_H,baseline,0.0,0.0,2.0
2025-09-22,daily,all subpops,Age 0,new_H,baseline,0.0,0.0,2.0
2025-09-23,daily,all subpops,Age 0,new_H,baseline,0.0,0.0,2.0
2025-09-24,daily,all subpops,Age 0,new_H,baseline,0.0,0.0,2.0
2025-09-25,daily,all subpops,Age 0,new_H,baseline,0.0,0.0,3.0
2025-09-26,daily,all subpops,Age 0,new_H,baseline,0.0,0.0,2.224999999999966
2025-09-27,daily,all subpops,Age 0,new_H,baseline,1.0,0.0,3.0
2025-09-28,daily,all subpops,Age 0,new_H,baseline,1.0,0.0,3.0
2025-09-29,daily,all subpops,Age 0,new_H,baseline,0.0,0.0,3.0
2025-09-30,daily,all subpops,Age 0,new_H,baseline,1.0,0.0,3.0
2025-10-01,daily,all subpops,Age 0,new_H,baseline,1.0,0.0,3.0
2025-10-02,daily,all subpops,Age 0,new_H,baseline,1.0,0.0,3.0
2025-10-03,daily,all subpops,Age 0,new_H,baseline,1.0,0.0,4.0
2025-10-04,daily,all subpops,Age 0,new_H,baseline,1.0,0.0,4.0
2025-10-05,daily,all subpops,Age 0,new_H,baseline,1.0,0.0,4.0
2025-10-06,daily,all subpops,Age 0,new_H,baseline,1.0,0.0,3.0
2025-10-07,daily,all subpops,Age 0,new_H,baseline,1.0,0.0,4.0
2025-10-08,daily,all subpops,Age 0,new_H,baseline,1.0,0.0,4.0
2025-10-09,daily,all subpops,Age 0,new_H,baseline,1.0,0.0,5.0
2025-10-10,daily,all subpops,Age 0,new_H,baseline,1.0,0.0,4.0
2025-10-11,daily,all subpops,Age 0,new_H,baseline,2.0,0.0,5.0
2025-10-12,daily,all subpops,Age 0,new_H,baseline,2.0,0.0,6.0
2025-10-13,daily,all subpops,Age 0,new_H,baseline,2.0,0.0,5.0
2025-10-14,daily,all subpops,Age 0,new_H,baseline,2.0,0.0,5.0
2025-10-15,daily,all subpops,Age 0,new_H,baseline,2.0,0.0,5.0
2025-10-16,daily,all subpops,Age 0,new_H,baseline,2.0,0.0,6.0
2025-10-17,daily,all subpops,Age 0,new_H,baseline,2.0,0.0,7.0
2025-10-18,daily,all subpops,Age 0,new_H,baseline,3.0,0.0,8.0
2025-10-19,daily,all subpops,Age 0,new_H,baseline,3.0,0.0,7.0
2025-10-20,daily,all subpops,Age 0,new_H,baseline,3.0,0.0,7.0
2025-10-21,daily,all subpops,Age 0,new_H,baseline,3.0,0.0,8.0
2025-10-22,daily,all subpops,Age 0,new_H,baseline,3.0,0.0,9.0
2025-10-23,daily,all subpops,Age 0,new_H,baseline,4.0,0.0,8.224999999999966
2025-10-24,daily,all subpops,Age 0,new_H,baseline,5.0,1.0,9.224999999999966
2025-10-25,daily,all subpops,Age 0,new_H,baseline,5.0,1.0,10.0
2025-10-26,daily,all subpops,Age 0,new_H,baseline,5.0,1.0,11.0
2025-10-27,daily,all subpops,Age 0,new_H,baseline,5.0,1.0,10.0
2025-10-28,daily,all subpops,Age 0,new_H,baseline,5.0,1.0,10.224999999999966
2025-10-29,daily,all subpops,Age 0,new_H,baseline,6.0,1.7750000000000004,12.0
2025-10-30,daily,all subpops,Age 0,new_H,baseline,6.0,2.0,13.224999999999966
2025-10-31,daily,all subpops,Age 0,new_H,baseline,7.0,2.0,13.224999999999966
2025-11-01,daily,all subpops,Age 0,new_H,baseline,8.0,3.0,15.0
2025-11-02,daily,all subpops,Age 0,new_H,baseline,8.0,3.0,14.224999999999966
2025-11-03,daily,all subpops,Age 0,new_H,baseline,8.0,3.0,15.224999999999966
2025-11-04,daily,all subpops,Age 0,new_H,baseline,9.0,3.0,16.0
2025-11-05,daily,all subpops,Age 0,new_H,baseline,9.0,4.0,17.0
2025-11-06,daily,all subpops,Age 0,new_H,baseline,11.0,4.0,18.0
2025-11-07,daily,all subpops,Age 0,new_H,baseline,11.0,5.775,19.0
2025-11-08,daily,all subpops,Age 0,new_H,baseline,13.0,6.0,21.224999999999966
2025-11-09,daily,all subpops,Age 0,new_H,baseline,13.0,6.0,22.0
2025-11-10,daily,all subpops,Age 0,new_H,baseline,13.0,6.0,23.224999999999966
2025-11-11,daily,all subpops,Age 0,new_H,baseline,14.0,6.0,23.224999999999966
2025-11-12,daily,all subpops,Age 0,new_H,baseline,15.0,6.775,24.224999999999966
2025-11-13,daily,all subpops,Age 0,new_H,baseline,16.0,8.0,26.0
2025-11-14,daily,all subpops,Age 0,new_H,baseline,18.0,9.0,28.0
2025-11-15,daily,all subpops,Age 0,new_H,baseline,20.0,10.0,29.224999999999966
2025-11-16,daily,all subpops,Age 0,new_H,baseline,20.0,11.0,31.224999999999966
2025-11-17,daily,all subpops,Age 0,new_H,baseline,20.0,11.0,32.0
2025-11-18,daily,all subpops,Age 0,new_H,baseline,20.0,11.0,33.0
2025-11-19,daily,all subpops,Age 0,new_H,baseline,22.0,13.0,34.0
2025-11-20,daily,all subpops,Age 0,new_H,baseline,24.0,13.0,35.224999999999966
2025-11-21,daily,all subpops,Age 0,new_H,baseline,28.0,14.0,40.0
2025-11-22,daily,all subpops,Age 0,new_H,baseline,29.0,17.0,45.0
2025-11-23,daily,all subpops,Age 0,new_H,baseline,30.0,18.0,43.0
2025-11-24,daily,all subpops,Age 0,new_H,baseline,30.0,19.0,44.224999999999966
2025-11-25,daily,all subpops,Age 0,new_H,baseline,32.0,19.0,49.0
2025-11-26,daily,all subpops,Age 0,new_H,baseline,33.0,21.0,51.224999999999966
2025-11-27,daily,all subpops,Age 0,new_H,baseline,36.0,22.0,52.44999999999993
2025-11-28,daily,all subpops,Age 0,new_H,baseline,37.0,24.0,53.0
2025-11-29,daily,all subpops,Age 0,new_H,baseline,38.0,24.0,54.0
2025-11-30,daily,all subpops,Age 0,new_H,baseline,37.0,25.0,53.224999999999966
2025-12-01,daily,all subpops,Age 0,new_H,baseline,37.0,23.0,51.0
2025-12-02,daily,all subpops,Age 0,new_H,baseline,38.0,23.0,53.0
2025-12-03,daily,all subpops,Age 0,new_H,baseline,40.0,25.0,53.224999999999966
2025-12-04,daily,all subpops,Age 0,new_H,baseline,43.0,27.0,60.0
2025-12-05,daily,all subpops,Age 0,new_H,baseline,47.0,29.0,66.0
2025-12-06,daily,all subpops,Age 0,new_H,baseline,51.0,32.775,70.22499999999997
2025-12-07,daily,all subpops,Age 0,new_H,baseline,51.0,34.0,70.0
2025-12-08,daily,all subpops,Age 0,new_H,baseline,49.0,34.0,69.44999999999993
2025-12-09,daily,all subpops,Age 0,new_H,baseline,52.0,36.775,69.22499999999997
2025-12-10,daily,all subpops,Age 0,new_H,baseline,55.0,36.0,73.22499999999997
2025-12-11,daily,all subpops,Age 0,new_H,baseline,59.0,42.775,81.22499999999997
2025-12-12,daily,all subpops,Age 0,new_H,baseline,64.0,45.0,84.22499999999997
2025-12-13,daily,all subpops,Age 0,new_H,baseline,68.0,48.0,89.44999999999993
2025-12-14,daily,all subpops,Age 0,new_H,baseline,69.0,50.0,89.22499999999997
2025-12-15,daily,all subpops,Age 0,new_H,baseline,68.0,49.55,88.22499999999997
2025-12-16,daily,all subpops,Age 0,new_H,baseline,69.0,49.0,90.0
2025-12-17,daily,all subpops,Age 0,new_H,baseline,73.0,54.775,94.22499999999997
2025-12-18,daily,all subpops,Age 0,new_H,baseline,77.0,58.775,98.0
2025-12-19,daily,all subpops,Age 0,new_H,baseline,83.0,62.0,105.22499999999997
2025-12-20,daily,all subpops,Age 0,new_H,baseline,87.0,64.775,108.0
2025-12-21,daily,all subpops,Age 0,new_H,baseline,88.0,66.775,109.6749999999999
2025-12-22,daily,all subpops,Age 0,new_H,baseline,83.5,64.0,105.0
2025-12-23,daily,all subpops,Age 0,new_H,baseline,83.0,61.775,101.22499999999997
2025-12-24,daily,all subpops,Age 0,new_H,baseline,80.0,63.0,102.22499999999997
2025-12-25,daily,all subpops,Age 0,new_H,baseline,82.5,63.0,102.0
2025-12-26,daily,all subpops,Age 0,new_H,baseline,79.0,60.0,98.0
2025-12-27,daily,all subpops,Age 0,new_H,baseline,76.0,56.775,94.0
2025-12-28,daily,all subpops,Age 0,new_H,baseline,73.5,57.0,91.0
2025-12-29,daily,all subpops,Age 0,new_H,baseline,69.0,51.0,87.0
2025-12-30,daily,all subpops,Age 0,new_H,baseline,67.0,50.55,84.0
2025-12-31,daily,all subpops,Age 0,new_H,baseline,67.0,50.0,83.22499999999997
2026-01-01,daily,all subpops,Age 0,new_H,baseline,65.0,49.0,81.44999999999993
2026-01-02,daily,all subpops,Age 0,new_H,baseline,63.0,45.0,77.22499999999997
2026-01-03,daily,all subpops,Age 0,new_H,baseline,62.0,46.775,76.0
2026-01-04,daily,all subpops,Age 0,new_H,baseline,59.0,44.0,75.0
2026-01-05,daily,all subpops,Age 0,new_H,baseline,55.0,41.0,70.0
2026-01-06,daily,all subpops,Age 0,new_H,baseline,54.0,40.0,69.0
2026-01-07,daily,all subpops,Age 0,new_H,baseline,55.0,36.0,71.22499999999997
2026-01-08,daily,all subpops,Age 0,new_H,baseline,56.0,41.0,71.22499999999997
2026-01-09,daily,all subpops,Age 0,new_H,baseline,59.0,43.0,74.22499999999997
2026-01-10,daily,all subpops,Age 0,new_H,baseline,61.0,47.775,76.22499999999997
2026-01-11,daily,all subpops,Age 0,new_H,baseline,61.0,45.0,75.22499999999997
2026-01-12,daily,all subpops,Age 0,new_H,baseline,58.0,42.0,72.0
2026-01-13,daily,all subpops,Age 0,new_H,baseline,56.0,42.0,72.22499999999997
2026-01-14,daily,all subpops,Age 0,new_H,baseline,57.5,42.0,76.0
2026-01-15,daily,all subpops,Age 0,new_H,baseline,59.0,46.0,78.22499999999997
2026-01-16,daily,all subpops,Age 0,new_H,baseline,60.0,46.0,77.22499999999997
2026-01-17,daily,all subpops,Age 0,new_H,baseline,61.0,46.0,78.0
2026-01-18,daily,all subpops,Age 0,new_H,baseline,60.0,44.775,77.0
2026-01-19,daily,all subpops,Age 0,new_H,baseline,58.0,41.775,74.0
2026-01-20,daily,all subpops,Age 0,new_H,baseline,55.0,40.775,71.0
2026-01-21,daily,all subpops,Age 0,new_H,baseline,55.0,41.0,72.0
2026-01-22,daily,all subpops,Age 0,new_H,baseline,55.0,41.0,75.0
2026-01-23,daily,all subpops,Age 0,new_H,baseline,57.0,41.0,73.0
2026-01-24,daily,all subpops,Age 0,new_H,baseline,57.0,41.0,76.0
2026-01-25,daily,all subpops,Age 0,new_H,baseline,56.0,40.0,73.44999999999993
2026-01-26,daily,all subpops,Age 0,new_H,baseline,52.5,38.0,70.0
2026-01-27,daily,all subpops,Age 0,new_H,baseline,51.0,35.0,67.0
2026-01-28,daily,all subpops,Age 0,new_H,baseline,50.0,36.775,69.0
2026-01-29,daily,all subpops,Age 0,new_H,baseline,52.0,38.775,69.0
2026-01-30,daily,all subpops,Age 0,new_H,baseline,52.0,37.0,69.44999999999993
2026-01-31,daily,all subpops,Age 0,new_H,baseline,52.5,37.0,72.22499999999997
2026-02-01,daily,all subpops,Age 0,new_H,baseline,52.0,37.0,68.22499999999997
2026-02-02,daily,all subpops,Age 0,new_H,baseline,48.0,32.0,66.0
2026-02-03,daily,all subpops,Age 0,new_H,baseline,47.0,32.0,64.0
2026-02-04,daily,all subpops,Age 0,new_H,baseline,47.0,30.0,64.22499999999997
2026-02-05,daily,all subpops,Age 0,new_H,baseline,47.0,33.0,64.0
2026-02-06,daily,all subpops,Age 0,new_H,baseline,46.0,32.0,65.22499999999997
2026-02-07,daily,all subpops,Age 0,new_H,baseline,47.0,32.0,64.22499999999997
2026-02-08,daily,all subpops,Age 0,new_H,baseline,45.0,29.775,61.224999999999966
2026-02-09,daily,all subpops,Age 0,new_H,baseline,42.0,26.775,58.224999999999966
2026-02-10,daily,all subpops,Age 0,new_H,baseline,40.0,27.775,57.0
2026-02-11,daily,all subpops,Age 0,new_H,baseline,40.0,28.0,58.224999999999966
2026-02-12,daily,all subpops,Age 0,new_H,baseline,41.0,27.0,56.0
2026-02-13,daily,all subpops,Age 0,new_H,baseline,40.0,25.0,56.0
2026-02-14,daily,all subpops,Age 0,new_H,baseline,40.0,27.0,58.224999999999966
2026-02-15,daily,all subpops,Age 0,new_H,baseline,39.0,24.0,56.224999999999966
2026-02-16,daily,all subpops,Age 0,new_H,baseline,35.0,21.0,52.224999999999966
2026-02-17,daily,all subpops,Age 0,new_H,baseline,33.0,21.0,50.224999999999966
2026-02-18,daily,all subpops,Age 0,new_H,baseline,32.0,19.775,47.0
2026-02-19,daily,all subpops,Age 0,new_H,baseline,30.0,18.0,44.0
2026-02-20,daily,all subpops,Age 0,new_H,baseline,29.0,16.775,44.0
2026-02-21,daily,all subpops,Age 0,new_H,baseline,27.0,16.775,41.0
2026-02-22,daily,all subpops,Age 0,new_H,baseline,25.0,14.0,39.224999999999966
2026-02-23,daily,all subpops,Age 0,new_H,baseline,23.0,13.775,37.0
2026-02-24,daily,all subpops,Age 0,new_H,baseline,22.0,11.775,34.0
2026-02-25,daily,all subpops,Age 0,new_H,baseline,22.0,12.0,34.0
2026-02-26,daily,all subpops,Age 0,new_H,baseline,22.0,13.0,33.224999999999966
2026-02-27,daily,all subpops,Age 0,new_H,baseline,21.0,12.0,33.0
2026-02-28,daily,all subpops,Age 0,new_H,baseline,21.0,12.0,33.0
2026-03-01,daily,all subpops,Age 0,new_H,baseline,20.5,11.0,32.224999999999966
2026-03-02,daily,all subpops,Age 0,new_H,baseline,18.0,9.775,29.0
2026-03-03,daily,all subpops,Age 0,new_H,baseline,17.0,10.0,29.0
2026-03-04,daily,all subpops,Age 0,new_H,baseline,17.0,9.0,28.0
2026-03-05,daily,all subpops,Age 0,new_H,baseline,17.0,9.0,29.0
2026-03-06,daily,all subpops,Age 0,new_H,baseline,17.0,8.0,27.0
2026-03-07,daily,all subpops,Age 0,new_H,baseline,17.0,8.0,28.0
2026-03-08,daily,all subpops,Age 0,new_H,baseline,15.5,7.0,25.0
2026-03-09,daily,all subpops,Age 0,new_H,baseline,14.5,7.0,26.0
2026-03-10,daily,all subpops,Age 0,new_H,baseline,13.0,7.0,22.0
2026-03-11,daily,all subpops,Age 0,new_H,baseline,13.0,6.0,22.0
2026-03-12,daily,all subpops,Age 0,new_H,baseline,13.0,6.0,25.0
2026-03-13,daily,all subpops,Age 0,new_H,baseline,13.0,6.0,23.0
2026-03-14,daily,all subpops,Age 0,new_H,baseline,13.0,5.775,22.0
2026-03-15,daily,all subpops,Age 0,new_H,baseline,12.0,5.0,22.0
2026-03-16,daily,all subpops,Age 0,new_H,baseline,11.0,5.0,20.224999999999966
2026-03-17,daily,all subpops,Age 0,new_H,baseline,10.0,4.775,20.0
2026-03-18,daily,all subpops,Age 0,new_H,baseline,10.0,4.0,19.0
2026-03-19,daily,all subpops,Age 0,new_H,baseline,11.0,4.0,20.224999999999966
2026-03-20,daily,all subpops,Age 0,new_H,baseline,10.0,4.0,18.224999999999966
2026-03-21,daily,all subpops,Age 0,new_H,baseline,9.0,4.0,18.224999999999966
2026-03-22,daily,all subpops,Age 0,new_H,baseline,10.0,4.0,18.0
2026-03-23,daily,all subpops,Age 0,new_H,baseline,9.0,3.7750000000000004,16.0
2026-03-24,daily,all subpops,Age 0,new_H,baseline,8.0,3.7750000000000004,15.0
2026-03-25,daily,all subpops,Age 0,new_H,baseline,8.0,3.0,15.0
2026-03-26,daily,all subpops,Age 0,new_H,baseline,8.0,3.0,15.224999999999966
2026-03-27,daily,all subpops,Age 0,new_H,baseline,8.0,3.0,14.0
2026-03-28,daily,all subpops,Age 0,new_H,baseline,8.0,3.0,14.0
2026-03-29,daily,all subpops,Age 0,new_H,baseline,8.0,2.0,13.0
2026-03-30,daily,all subpops,Age 0,new_H,baseline,7.0,2.0,13.0
2026-03-31,daily,all subpops,Age 0,new_H,baseline,6.0,2.0,13.0
2026-04-01,daily,all subpops,Age 0,new_H,baseline,6.0,2.0,12.0
2026-04-02,daily,all subpops,Age 0,new_H,baseline,6.0,2.0,12.0
2026-04-03,daily,all subpops,Age 0,new_H,baseline,6.0,2.0,12.0
2026-04-04,daily,all subpops,Age 0,new_H,baseline,6.0,1.7750000000000004,12.0
2026-04-05,daily,all subpops,Age 0,new_H,baseline,6.0,2.0,11.0
2026-04-06,daily,all subpops,Age 0,new_H,baseline,5.0,1.0,11.0
2026-04-07,daily,all subpops,Age 0,new_H,baseline,5.0,0.7750000000000004,10.0
2026-04-08,daily,all subpops,Age 0,new_H,baseline,5.0,1.0,10.0
2026-04-09,daily,all subpops,Age 0,new_H,baseline,4.0,1.0,10.0
2026-04-10,daily,all subpops,Age 0,new_H,baseline,5.0,1.0,11.0
2026-04-11,daily,all subpops,Age 0,new_H,baseline,4.0,1.0,10.0
2026-04-12,daily,all subpops,Age 0,new_H,baseline,4.0,1.0,9.224999999999966
2026-04-13,daily,all subpops,Age 0,new_H,baseline,4.0,0.0,9.0
2026-04-14,daily,all subpops,Age 0,new_H,baseline,3.0,1.0,8.0
2026-04-15,daily,all subpops,Age 0,new_H,baseline,3.0,0.0,9.0
2026-04-16,daily,all subpops,Age 0,new_H,baseline,3.0,0.0,8.0
2026-04-17,daily,all subpops,Age 0,new_H,baseline,3.0,0.0,8.0
2026-04-18,daily,all subpops,Age 0,new_H,baseline,3.0,0.0,7.0
2026-04-19,daily,all subpops,Age 0,new_H,baseline,3.0,0.0,7.0
2026-04-20,daily,all subpops,Age 0,new_H,baseline,3.0,0.0,7.0
2026-04-21,daily,all subpops,Age 0,new_H,baseline,3.0,0.0,7.0
2026-04-22,daily,all subpops,Age 0,new_H,baseline,3.0,0.0,7.0
2026-04-23,daily,all subpops,Age 0,new_H,baseline,2.0,0.0,6.0
2026-04-24,daily,all subpops,Age 0,new_H,baseline,2.0,0.0,5.224999999999966
2026-04-25,daily,all subpops,Age 0,new_H,baseline,2.0,0.0,5.0
2026-04-26,daily,all subpops,Age 0,new_H,baseline,2.0,0.0,5.0
2026-04-27,daily,all subpops,Age 0,new_H,baseline,2.0,0.0,5.0
2026-04-28,daily,all subpops,Age 0,new_H,baseline,2.0,0.0,5.0
2026-04-29,daily,all subpops,Age 0,new_H,baseline,1.0,0.0,4.224999999999966
2026-04-30,daily,all subpops,Age 0,new_H,baseline,2.0,0.0,4.0
2026-05-01,daily,all subpops,Age 0,new_H,baseline,1.0,0.0,5.0
2026-05-02,daily,all subpops,Age 0,new_H,baseline,1.0,0.0,4.0
2026-05-03,daily,all subpops,Age 0,new_H,baseline,1.0,0.0,4.0
2026-05-04,daily,all subpops,Age 0,new_H,baseline,1.0,0.0,4.0
2026-05-05,daily,all subpops,Age 0,new_H,baseline,1.0,0.0,4.0
2026-05-06,daily,all subpops,Age 0,new_H,baseline,1.0,0.0,3.224999999999966
2026-05-07,daily,all subpops,Age 0,new_H,baseline,1.0,0.0,4.0
2026-05-08,daily,all subpops,Age 0,new_H,baseline,1.0,0.0,4.0
2025-09-01,cumulative,all subpops,Age 0,new_H,baseline,0.0,0.0,1.0
2025-09-02,cumulative,all subpops,Age 0,new_H,baseline,0.0,0.0,1.0
2025-09-03,cumulative,all subpops,Age 0,new_H,baseline,0.0,0.0,1.0
2025-09-04,cumulative,all subpops,Age 0,new_H,baseline,0.0,0.0,1.0
2025-09-05,cumulative,all subpops,Age 0,new_H,baseline,0.0,0.0,2.0
2025-09-06,cumulative,all subpops,Age 0,new_H,baseline,0.0,0.0,2.0
2025-09-07,cumulative,all subpops,Age 0,new_H,baseline,1.0,0.0,3.0
2025-09-08,cumulative,all subpops,Age 0,new_H,baseline,1.0,0.0,3.0
2025-09-09,cumulative,all subpops,Age 0,new_H,baseline,1.0,0.0,4.0
2025-09-10,cumulative,all subpops,Age 0,new_H,baseline,1.0,0.0,4.0
2025-09-11,cumulative,all subpops,Age 0,new_H,baseline,1.0,0.0,4.0
2025-09-12,cumulative,all subpops,Age 0,new_H,baseline,1.0,0.0,5.0
2025-09-13,cumulative,all subpops,Age 0,new_H,baseline,2.0,0.0,5.0
2025-09-14,cumulative,all subpops,Age 0,new_H,baseline,2.0,0.0,5.0
2025-09-15,cumulative,all subpops,Age 0,new_H,baseline,2.0,0.0,6.0
2025-09-16,cumulative,all subpops,Age 0,new_H,baseline,2.0,0.0,6.0
2025-09-17,cumulative,all subpops,Age 0,new_H,baseline,3.0,0.0,6.224999999999966
2025-09-18,cumulative,all subpops,Age 0,new_H,baseline,3.0,0.0,7.0
2025-09-19,cumulative,all subpops,Age 0,new_H,baseline,3.0,0.0,8.0
2025-09-20,cumulative,all subpops,Age 0,new_H,baseline,4.0,1.0,9.0
2025-09-21,cumulative,all subpops,Age 0,new_H,baseline,4.0,1.0,9.224999999999966
2025-09-22,cumulative,all subpops,Age 0,new_H,baseline,5.0,1.0,10.0
2025-09-23,cumulative,all subpops,Age 0,new_H,baseline,5.0,1.0,10.0
2025-09-24,cumulative,all subpops,Age 0,new_H,baseline,6.0,2.0,11.0
2025-09-25,cumulative,all subpops,Age 0,new_H,baseline,6.0,2.0,12.0
2025-09-26,cumulative,all subpops,Age 0,new_H,baseline,7.0,2.0,13.0
2025-09-27,cumulative,all subpops,Age 0,new_H,baseline,8.0,2.0,14.0
2025-09-28,cumulative,all subpops,Age 0,new_H,baseline,8.0,3.0,15.0
2025-09-29,cumulative,all subpops,Age 0,new_H,baseline,9.0,3.0,16.0
2025-09-30,cumulative,all subpops,Age 0,new_H,baseline,10.0,4.0,16.224999999999966
2025-10-01,cumulative,all subpops,Age 0,new_H,baseline,11.0,4.0,18.0
2025-10-02,cumulative,all subpops,Age 0,new_H,baseline,12.0,4.0,19.0
2025-10-03,cumulative,all subpops,Age 0,new_H,baseline,13.0,5.0,20.224999999999966
2025-10-04,cumulative,all subpops,Age 0,new_H,baseline,14.0,6.775,22.0
2025-10-05,cumulative,all subpops,Age 0,new_H,baseline,15.0,7.0,24.0
2025-10-06,cumulative,all subpops,Age 0,new_H,baseline,16.0,8.0,25.224999999999966
2025-10-07,cumulative,all subpops,Age 0,new_H,baseline,17.0,9.0,27.0
2025-10-08,cumulative,all subpops,Age 0,new_H,baseline,19.0,10.775,28.0
2025-10-09,cumulative,all subpops,Age 0,new_H,baseline,20.0,11.0,31.0
2025-10-10,cumulative,all subpops,Age 0,new_H,baseline,22.0,12.0,33.0
2025-10-11,cumulative,all subpops,Age 0,new_H,baseline,24.0,13.0,36.0
2025-10-12,cumulative,all subpops,Age 0,new_H,baseline,26.0,14.0,39.0
2025-10-13,cumulative,all subpops,Age 0,new_H,baseline,28.0,16.0,41.0
2025-10-14,cumulative,all subpops,Age 0,new_H,baseline,30.0,17.775,44.0
2025-10-15,cumulative,all subpops,Age 0,new_H,baseline,32.0,19.0,46.0
2025-10-16,cumulative,all subpops,Age 0,new_H,baseline,34.0,21.0,50.0
2025-10-17,cumulative,all subpops,Age 0,new_H,baseline,37.0,22.0,54.0
2025-10-18,cumulative,all subpops,Age 0,new_H,baseline,41.0,25.0,57.224999999999966
2025-10-19,cumulative,all subpops,Age 0,new_H,baseline,44.0,27.775,62.0
2025-10-20,cumulative,all subpops,Age 0,new_H,baseline,47.0,29.775,65.22499999999997
2025-10-21,cumulative,all subpops,Age 0,new_H,baseline,50.0,32.0,69.0
2025-10-22,cumulative,all subpops,Age 0,new_H,baseline,53.0,34.775,73.0
2025-10-23,cumulative,all subpops,Age 0,new_H,baseline,58.0,37.0,78.22499999999997
2025-10-24,cumulative,all subpops,Age 0,new_H,baseline,63.0,40.775,85.0
2025-10-25,cumulative,all subpops,Age 0,new_H,baseline,68.0,44.0,91.0
2025-10-26,cumulative,all subpops,Age 0,new_H,baseline,73.0,47.775,98.22499999999997
2025-10-27,cumulative,all subpops,Age 0,new_H,baseline,78.0,51.55,107.0
2025-10-28,cumulative,all subpops,Age 0,new_H,baseline,84.0,55.775,113.0
2025-10-29,cumulative,all subpops,Age 0,new_H,baseline,89.0,59.55,122.22499999999997
2025-10-30,cumulative,all subpops,Age 0,new_H,baseline,95.5,64.0,132.22499999999997
2025-10-31,cumulative,all subpops,Age 0,new_H,baseline,102.0,69.55,142.22499999999997
2025-11-01,cumulative,all subpops,Age 0,new_H,baseline,111.0,75.55,151.0
2025-11-02,cumulative,all subpops,Age 0,new_H,baseline,119.0,81.775,161.22499999999997
2025-11-03,cumulative,all subpops,Age 0,new_H,baseline,127.0,87.1,172.22499999999997
2025-11-04,cumulative,all subpops,Age 0,new_H,baseline,136.0,94.1,184.44999999999993
2025-11-05,cumulative,all subpops,Age 0,new_H,baseline,145.0,102.55,193.0
2025-11-06,cumulative,all subpops,Age 0,new_H,baseline,157.0,110.775,206.44999999999993
2025-11-07,cumulative,all subpops,Age 0,new_H,baseline,169.0,118.55,220.22499999999997
2025-11-08,cumulative,all subpops,Age 0,new_H,baseline,181.5,128.55,236.6749999999999
2025-11-09,cumulative,all subpops,Age 0,new_H,baseline,194.0,141.425,257.22499999999997
2025-11-10,cumulative,all subpops,Age 0,new_H,baseline,205.0,149.55,275.44999999999993
2025-11-11,cumulative,all subpops,Age 0,new_H,baseline,219.5,160.55,294.0
2025-11-12,cumulative,all subpops,Age 0,new_H,baseline,234.5,173.55,312.22499999999997
2025-11-13,cumulative,all subpops,Age 0,new_H,baseline,250.5,183.0,332.6749999999999
2025-11-14,cumulative,all subpops,Age 0,new_H,baseline,269.0,198.325,354.22499999999997
2025-11-15,cumulative,all subpops,Age 0,new_H,baseline,290.0,207.55,378.0
2025-11-16,cumulative,all subpops,Age 0,new_H,baseline,308.5,224.1,406.0
2025-11-17,cumulative,all subpops,Age 0,new_H,baseline,326.5,242.425,432.44999999999993
2025-11-18,cumulative,all subpops,Age 0,new_H,baseline,349.0,253.65,460.22499999999997
2025-11-19,cumulative,all subpops,Age 0,new_H,baseline,370.5,273.875,491.0
2025-11-20,cumulative,all subpops,Age 0,new_H,baseline,392.5,291.55,522.0
2025-11-21,cumulative,all subpops,Age 0,new_H,baseline,419.0,313.2,551.8999999999999
2025-11-22,cumulative,all subpops,Age 0,new_H,baseline,448.5,335.425,593.2249999999999
2025-11-23,cumulative,all subpops,Age 0,new_H,baseline,478.5,363.4,630.1249999999998
2025-11-24,cumulative,all subpops,Age 0,new_H,baseline,511.0,383.975,671.0
2025-11-25,cumulative,all subpops,Age 0,new_H,baseline,540.5,409.75,707.8999999999999
2025-11-26,cumulative,all subpops,Age 0,new_H,baseline,576.0,439.175,747.0
2025-11-27,cumulative,all subpops,Age 0,new_H,baseline,612.0,465.4,790.8999999999999
2025-11-28,cumulative,all subpops,Age 0,new_H,baseline,647.0,490.525,836.675
2025-11-29,cumulative,all subpops,Age 0,new_H,baseline,683.5,515.85,886.4499999999999
2025-11-30,cumulative,all subpops,Age 0,new_H,baseline,721.5,544.4,929.8999999999999
2025-12-01,cumulative,all subpops,Age 0,new_H,baseline,759.0,569.975,971.2249999999999
2025-12-02,cumulative,all subpops,Age 0,new_H,baseline,796.0,597.3,1015.2249999999999
2025-12-03,cumulative,all subpops,Age 0,new_H,baseline,838.0,628.1,1065.0
2025-12-04,cumulative,all subpops,Age 0,new_H,baseline,879.0,661.325,1119.8999999999999
2025-12-05,cumulative,all subpops,Age 0,new_H,baseline,928.5,704.0,1173.1249999999998
2025-12-06,cumulative,all subpops,Age 0,new_H,baseline,977.5,740.875,1226.4499999999998
2025-12-07,cumulative,all subpops,Age 0,new_H,baseline,1031.0,783.975,1287.0
2025-12-08,cumulative,all subpops,Age 0,new_H,baseline,1077.5,824.425,1349.1249999999998
2025-12-09,cumulative,all subpops,Age 0,new_H,baseline,1135.0,870.175,1403.4499999999998
2025-12-10,cumulative,all subpops,Age 0,new_H,baseline,1192.0,917.5,1476.4499999999998
2025-12-11,cumulative,all subpops,Age 0,new_H,baseline,1250.5,972.3,1546.0
2025-12-12,cumulative,all subpops,Age 0,new_H,baseline,1311.5,1022.325,1623.5999999999995
2025-12-13,cumulative,all subpops,Age 0,new_H,baseline,1380.5,1078.875,1708.6999999999996
2025-12-14,cumulative,all subpops,Age 0,new_H,baseline,1450.0,1139.875,1796.35
2025-12-15,cumulative,all subpops,Age 0,new_H,baseline,1521.0,1193.55,1875.8999999999999
2025-12-16,cumulative,all subpops,Age 0,new_H,baseline,1597.0,1243.875,1951.675
2025-12-17,cumulative,all subpops,Age 0,new_H,baseline,1670.0,1303.875,2030.4499999999998
2025-12-18,cumulative,all subpops,Age 0,new_H,baseline,1748.5,1371.65,2120.225
2025-12-19,cumulative,all subpops,Age 0,new_H,baseline,1830.0,1448.325,2205.45
2025-12-20,cumulative,all subpops,Age 0,new_H,baseline,1919.5,1524.525,2303.2499999999995
2025-12-21,cumulative,all subpops,Age 0,new_H,baseline,2010.0,1603.525,2397.0
2025-12-22,cumulative,all subpops,Age 0,new_H,baseline,2092.0,1668.875,2496.225
2025-12-23,cumulative,all subpops,Age 0,new_H,baseline,2173.0,1735.65,2586.6749999999997
2025-12-24,cumulative,all subpops,Age 0,new_H,baseline,2249.0,1804.3,2670.8999999999996
2025-12-25,cumulative,all subpops,Age 0,new_H,baseline,2330.0,1878.375,2759.0
2025-12-26,cumulative,all subpops,Age 0,new_H,baseline,2407.0,1945.15,2844.274999999999
2025-12-27,cumulative,all subpops,Age 0,new_H,baseline,2481.5,2017.075,2930.6749999999997
2025-12-28,cumulative,all subpops,Age 0,new_H,baseline,2556.5,2080.625,3002.5999999999995
2025-12-29,cumulative,all subpops,Age 0,new_H,baseline,2624.0,2152.825,3070.7
2025-12-30,cumulative,all subpops,Age 0,new_H,baseline,2694.0,2214.25,3151.9249999999997
2025-12-31,cumulative,all subpops,Age 0,new_H,baseline,2757.0,2271.575,3219.9249999999997
2026-01-01,cumulative,all subpops,Age 0,new_H,baseline,2819.0,2325.175,3287.399999999999
2026-01-02,cumulative,all subpops,Age 0,new_H,baseline,2887.5,2384.075,3350.499999999999
2026-01-03,cumulative,all subpops,Age 0,new_H,baseline,2951.0,2441.075,3418.7
2026-01-04,cumulative,all subpops,Age 0,new_H,baseline,3009.0,2493.425,3482.6749999999997
2026-01-05,cumulative,all subpops,Age 0,new_H,baseline,3064.5,2549.875,3539.6749999999997
2026-01-06,cumulative,all subpops,Age 0,new_H,baseline,3117.5,2606.425,3588.575
2026-01-07,cumulative,all subpops,Age 0,new_H,baseline,3175.5,2659.85,3653.8999999999996
2026-01-08,cumulative,all subpops,Age 0,new_H,baseline,3227.0,2706.975,3702.225
2026-01-09,cumulative,all subpops,Age 0,new_H,baseline,3288.0,2763.875,3762.1499999999996
2026-01-10,cumulative,all subpops,Age 0,new_H,baseline,3347.5,2829.525,3824.125
2026-01-11,cumulative,all subpops,Age 0,new_H,baseline,3414.0,2890.775,3884.225
2026-01-12,cumulative,all subpops,Age 0,new_H,baseline,3471.0,2955.0,3942.45
2026-01-13,cumulative,all subpops,Age 0,new_H,baseline,3531.5,3019.75,3987.0
2026-01-14,cumulative,all subpops,Age 0,new_H,baseline,3589.5,3077.1,4041.45
2026-01-15,cumulative,all subpops,Age 0,new_H,baseline,3645.0,3134.55,4098.025
2026-01-16,cumulative,all subpops,Age 0,new_H,baseline,3703.5,3201.2,4153.349999999999
2026-01-17,cumulative,all subpops,Age 0,new_H,baseline,3762.0,3268.875,4215.349999999999
2026-01-18,cumulative,all subpops,Age 0,new_H,baseline,3824.0,3329.0,4276.25
2026-01-19,cumulative,all subpops,Age 0,new_H,baseline,3883.5,3382.75,4330.924999999999
2026-01-20,cumulative,all subpops,Age 0,new_H,baseline,3940.0,3435.425,4381.675
2026-01-21,cumulative,all subpops,Age 0,new_H,baseline,3997.0,3503.075,4434.225
2026-01-22,cumulative,all subpops,Age 0,new_H,baseline,4052.5,3577.475,4477.45
2026-01-23,cumulative,all subpops,Age 0,new_H,baseline,4105.0,3633.175,4531.025
2026-01-24,cumulative,all subpops,Age 0,new_H,baseline,4162.0,3697.2,4584.799999999999
2026-01-25,cumulative,all subpops,Age 0,new_H,baseline,4218.5,3764.525,4632.9
2026-01-26,cumulative,all subpops,Age 0,new_H,baseline,4271.0,3820.975,4677.724999999999
2026-01-27,cumulative,all subpops,Age 0,new_H,baseline,4324.5,3873.775,4723.499999999999
2026-01-28,cumulative,all subpops,Age 0,new_H,baseline,4379.5,3929.55,4767.499999999999
2026-01-29,cumulative,all subpops,Age 0,new_H,baseline,4433.0,3998.55,4820.15
2026-01-30,cumulative,all subpops,Age 0,new_H,baseline,4487.5,4058.75,4861.025
2026-01-31,cumulative,all subpops,Age 0,new_H,baseline,4544.5,4122.975,4909.799999999999
2026-02-01,cumulative,all subpops,Age 0,new_H,baseline,4594.0,4174.55,4959.675
2026-02-02,cumulative,all subpops,Age 0,new_H,baseline,4641.5,4232.55,5002.45
2026-02-03,cumulative,all subpops,Age 0,new_H,baseline,4689.0,4284.1,5049.0
2026-02-04,cumulative,all subpops,Age 0,new_H,baseline,4736.5,4337.55,5085.225
2026-02-05,cumulative,all subpops,Age 0,new_H,baseline,4782.0,4396.55,5125.45
2026-02-06,cumulative,all subpops,Age 0,new_H,baseline,4833.5,4454.1,5162.799999999999
2026-02-07,cumulative,all subpops,Age 0,new_H,baseline,4877.0,4507.325,5202.0
2026-02-08,cumulative,all subpops,Age 0,new_H,baseline,4921.0,4563.55,5237.225
2026-02-09,cumulative,all subpops,Age 0,new_H,baseline,4963.0,4613.85,5272.225
2026-02-10,cumulative,all subpops,Age 0,new_H,baseline,5001.5,4655.65,5313.349999999999
2026-02-11,cumulative,all subpops,Age 0,new_H,baseline,5043.5,4702.875,5352.9
2026-02-12,cumulative,all subpops,Age 0,new_H,baseline,5085.5,4744.65,5386.675
2026-02-13,cumulative,all subpops,Age 0,new_H,baseline,5127.5,4801.85,5422.125
2026-02-14,cumulative,all subpops,Age 0,new_H,baseline,5166.0,4847.775,5457.225
2026-02-15,cumulative,all subpops,Age 0,new_H,baseline,5201.5,4895.75,5481.225
2026-02-16,cumulative,all subpops,Age 0,new_H,baseline,5241.0,4939.425,5510.349999999999
2026-02-17,cumulative,all subpops,Age 0,new_H,baseline,5269.5,4980.1,5535.45
2026-02-18,cumulative,all subpops,Age 0,new_H,baseline,5302.0,5016.875,5556.474999999999
2026-02-19,cumulative,all subpops,Age 0,new_H,baseline,5338.0,5047.775,5588.45
2026-02-20,cumulative,all subpops,Age 0,new_H,baseline,5364.0,5089.425,5606.349999999999
2026-02-21,cumulative,all subpops,Age 0,new_H,baseline,5392.0,5124.3,5630.125
2026-02-22,cumulative,all subpops,Age 0,new_H,baseline,5418.5,5157.775,5653.45
2026-02-23,cumulative,all subpops,Age 0,new_H,baseline,5443.0,5187.55,5673.25
2026-02-24,cumulative,all subpops,Age 0,new_H,baseline,5465.0,5212.775,5691.349999999999
2026-02-25,cumulative,all subpops,Age 0,new_H,baseline,5487.0,5236.775,5710.45
2026-02-26,cumulative,all subpops,Age 0,new_H,baseline,5507.0,5262.55,5732.0
2026-02-27,cumulative,all subpops,Age 0,new_H,baseline,5529.0,5291.75,5749.9
2026-02-28,cumulative,all subpops,Age 0,new_H,baseline,5550.0,5319.75,5770.0
2026-03-01,cumulative,all subpops,Age 0,new_H,baseline,5569.5,5347.975,5788.125
2026-03-02,cumulative,all subpops,Age 0,new_H,baseline,5584.0,5370.075,5804.675
2026-03-03,cumulative,all subpops,Age 0,new_H,baseline,5603.0,5394.4,5824.675
2026-03-04,cumulative,all subpops,Age 0,new_H,baseline,5622.5,5419.375,5836.225
2026-03-05,cumulative,all subpops,Age 0,new_H,baseline,5638.5,5438.625,5846.9
2026-03-06,cumulative,all subpops,Age 0,new_H,baseline,5655.0,5459.175,5858.45
2026-03-07,cumulative,all subpops,Age 0,new_H,baseline,5673.0,5481.75,5875.225
2026-03-08,cumulative,all subpops,Age 0,new_H,baseline,5688.5,5510.95,5887.9
2026-03-09,cumulative,all subpops,Age 0,new_H,baseline,5702.0,5526.3,5902.125
2026-03-10,cumulative,all subpops,Age 0,new_H,baseline,5715.0,5538.55,5917.225
2026-03-11,cumulative,all subpops,Age 0,new_H,baseline,5728.5,5554.0,5928.225
2026-03-12,cumulative,all subpops,Age 0,new_H,baseline,5742.0,5575.325,5937.0
2026-03-13,cumulative,all subpops,Age 0,new_H,baseline,5758.0,5595.975,5947.675
2026-03-14,cumulative,all subpops,Age 0,new_H,baseline,5769.5,5611.75,5960.675
2026-03-15,cumulative,all subpops,Age 0,new_H,baseline,5783.0,5627.1,5971.45
2026-03-16,cumulative,all subpops,Age 0,new_H,baseline,5795.0,5637.325,5983.675
2026-03-17,cumulative,all subpops,Age 0,new_H,baseline,5805.0,5648.65,5991.675
2026-03-18,cumulative,all subpops,Age 0,new_H,baseline,5816.0,5660.775,6003.45
2026-03-19,cumulative,all subpops,Age 0,new_H,baseline,5829.0,5673.775,6012.225
2026-03-20,cumulative,all subpops,Age 0,new_H,baseline,5840.0,5686.55,6020.45
2026-03-21,cumulative,all subpops,Age 0,new_H,baseline,5851.0,5695.775,6029.9
2026-03-22,cumulative,all subpops,Age 0,new_H,baseline,5863.0,5709.875,6040.0
2026-03-23,cumulative,all subpops,Age 0,new_H,baseline,5872.5,5716.55,6046.45
2026-03-24,cumulative,all subpops,Age 0,new_H,baseline,5881.0,5725.325,6053.9
2026-03-25,cumulative,all subpops,Age 0,new_H,baseline,5887.5,5731.775,6059.575
2026-03-26,cumulative,all subpops,Age 0,new_H,baseline,5894.0,5743.65,6068.225
2026-03-27,cumulative,all subpops,Age 0,new_H,baseline,5901.0,5756.75,6073.225
2026-03-28,cumulative,all subpops,Age 0,new_H,baseline,5909.0,5762.2,6078.675
2026-03-29,cumulative,all subpops,Age 0,new_H,baseline,5917.0,5769.525,6084.675
2026-03-30,cumulative,all subpops,Age 0,new_H,baseline,5922.5,5776.525,6089.225
2026-03-31,cumulative,all subpops,Age 0,new_H,baseline,5930.5,5781.525,6096.225
2026-04-01,cumulative,all subpops,Age 0,new_H,baseline,5936.5,5788.75,6101.225
2026-04-02,cumulative,all subpops,Age 0,new_H,baseline,5943.0,5795.975,6107.45
2026-04-03,cumulative,all subpops,Age 0,new_H,baseline,5950.0,5801.2,6114.225
2026-04-04,cumulative,all subpops,Age 0,new_H,baseline,5957.0,5805.975,6116.675
2026-04-05,cumulative,all subpops,Age 0,new_H,baseline,5962.0,5813.2,6121.349999999999
2026-04-06,cumulative,all subpops,Age 0,new_H,baseline,5966.5,5818.1,6127.349999999999
2026-04-07,cumulative,all subpops,Age 0,new_H,baseline,5973.0,5824.55,6132.45
2026-04-08,cumulative,all subpops,Age 0,new_H,baseline,5977.0,5833.2,6135.225
2026-04-09,cumulative,all subpops,Age 0,new_H,baseline,5981.0,5838.3,6142.125
2026-04-10,cumulative,all subpops,Age 0,new_H,baseline,5986.5,5841.2,6146.675
2026-04-11,cumulative,all subpops,Age 0,new_H,baseline,5991.0,5844.425,6154.225
2026-04-12,cumulative,all subpops,Age 0,new_H,baseline,5995.0,5848.65,6158.675
2026-04-13,cumulative,all subpops,Age 0,new_H,baseline,5999.5,5852.55,6162.45
2026-04-14,cumulative,all subpops,Age 0,new_H,baseline,6003.0,5855.0,6166.45
2026-04-15,cumulative,all subpops,Age 0,new_H,baseline,6006.5,5858.55,6172.225
2026-04-16,cumulative,all subpops,Age 0,new_H,baseline,6009.5,5861.775,6176.0
2026-04-17,cumulative,all subpops,Age 0,new_H,baseline,6011.0,5865.775,6176.9
2026-04-18,cumulative,all subpops,Age 0,new_H,baseline,6015.0,5869.775,6181.45
2026-04-19,cumulative,all subpops,Age 0,new_H,baseline,6018.5,5874.325,6184.675
2026-04-20,cumulative,all subpops,Age 0,new_H,baseline,6021.0,5878.55,6186.125
2026-04-21,cumulative,all subpops,Age 0,new_H,baseline,6024.0,5879.775,6186.349999999999
2026-04-22,cumulative,all subpops,Age 0,new_H,baseline,6028.0,5881.775,6186.575
2026-04-23,cumulative,all subpops,Age 0,new_H,baseline,6030.0,5885.0,6187.799999999999
2026-04-24,cumulative,all subpops,Age 0,new_H,baseline,6032.0,5887.775,6192.349999999999
2026-04-25,cumulative,all subpops,Age 0,new_H,baseline,6033.5,5892.325,6195.125
2026-04-26,cumulative,all subpops,Age 0,new_H,baseline,6035.5,5893.0,6196.349999999999
2026-04-27,cumulative,all subpops,Age 0,new_H,baseline,6038.0,5896.0,6197.799999999999
2026-04-28,cumulative,all subpops,Age 0,new_H,baseline,6040.5,5897.55,6199.474999999999
2026-04-29,cumulative,all subpops,Age 0,new_H,baseline,6042.5,5899.325,6200.924999999999
2026-04-30,cumulative,all subpops,Age 0,new_H,baseline,6044.0,5900.325,6202.7
2026-05-01,cumulative,all subpops,Age 0,new_H,baseline,6044.5,5901.325,6203.15
2026-05-02,cumulative,all subpops,Age 0,new_H,baseline,6046.0,5903.325,6204.7
2026-05-03,cumulative,all subpops,Age 0,new_H,baseline,6046.0,5904.0,6205.7
2026-05-04,cumulative,all subpops,Age 0,new_H,baseline,6047.0,5906.0,6207.474999999999
2026-05-05,cumulative,all subpops,Age 0,new_H,baseline,6048.5,5906.775,6209.25
2026-05-06,cumulative,all subpops,Age 0,new_H,baseline,6050.5,5909.0,6210.7
2026-05-07,cumulative,all subpops,Age 0,new_H,baseline,6051.5,5910.775,6211.15
2026-05-08,cumulative,all subpops,Age 0,new_H,baseline,6053.0,5912.55,6214.474999999999
