date,C(t) single-age contacts,C(t)/C_total,population vax coverage (lagged),m(t) median,m(t) lo95,m(t) hi95,humidity term median,humidity term lo95,humidity term hi95,beta_adjusted median,beta_adjusted lo95,beta_adjusted hi95,beta_eff [baseline] median,beta_eff [baseline] lo95,beta_eff [baseline] hi95,beta_eff x C(t)/C_total [baseline] median,beta_eff x C(t)/C_total [baseline] lo95,beta_eff x C(t)/C_total [baseline] hi95,beta_eff [no vax] median,beta_eff [no vax] lo95,beta_eff [no vax] hi95,beta_eff x C(t)/C_total [no vax] median,beta_eff x C(t)/C_total [no vax] lo95,beta_eff x C(t)/C_total [no vax] hi95
2025-09-01,6.37713,0.512161,0,1,1,1,1.09036,1.0213,1.14192,0.0333475,0.0270166,0.0397414,0.0333475,0.0270166,0.0397414,0.0170793,0.0138368,0.020354,0.0333475,0.0270166,0.0397414,0.0170793,0.0138368,0.020354
2025-09-02,12.4514,1,0,1,0.978019,1.0233,1.0903,1.02129,1.14183,0.0332649,0.0272701,0.0395133,0.0332649,0.0272701,0.0395133,0.0332649,0.0272701,0.0395133,0.0332649,0.0272701,0.0395133,0.0332649,0.0272701,0.0395133
2025-09-03,12.4514,1,0,1.00001,0.956522,1.04713,1.10005,1.02359,1.15715,0.033562,0.0278273,0.0398975,0.033562,0.0278273,0.0398975,0.033562,0.0278273,0.0398975,0.033562,0.0278273,0.0398975,0.033562,0.0278273,0.0398975
2025-09-04,12.4514,1,0,1.00001,0.935497,1.07153,1.08407,1.01982,1.13204,0.0329968,0.0275174,0.0395753,0.0329968,0.0275174,0.0395753,0.0329968,0.0275174,0.0395753,0.0329968,0.0275174,0.0395753,0.0329968,0.0275174,0.0395753
2025-09-05,12.4514,1,0,1.00002,0.914934,1.09649,1.04553,1.01073,1.07152,0.0318104,0.0268035,0.0386434,0.0318104,0.0268035,0.0386434,0.0318104,0.0268035,0.0386434,0.0318104,0.0268035,0.0386434,0.0318104,0.0268035,0.0386434
2025-09-06,6.37713,0.512161,0,1.00002,0.894823,1.12203,1.03898,1.00919,1.06123,0.0316173,0.0265722,0.0385869,0.0316173,0.0265722,0.0385869,0.0161931,0.0136093,0.0197627,0.0316173,0.0265722,0.0385869,0.0161931,0.0136093,0.0197627
2025-09-07,6.37713,0.512161,0,1.00002,0.875155,1.14817,1.07749,1.01827,1.12171,0.0327894,0.0273068,0.0405413,0.0327894,0.0273068,0.0405413,0.0167935,0.0139855,0.0207637,0.0327894,0.0273068,0.0405413,0.0167935,0.0139855,0.0207637
2025-09-08,12.4514,1,0,1.00003,0.855918,1.17492,1.14711,1.03468,1.23105,0.0348468,0.0287385,0.0429063,0.0348468,0.0287385,0.0429063,0.0348468,0.0287385,0.0429063,0.0348468,0.0287385,0.0429063,0.0348468,0.0287385,0.0429063
2025-09-09,12.4514,1,0,1.00003,0.837105,1.20229,1.12517,1.02951,1.1966,0.0341518,0.028219,0.0428323,0.0341518,0.028219,0.0428323,0.0341518,0.028219,0.0428323,0.0341518,0.028219,0.0428323,0.0341518,0.028219,0.0428323
2025-09-10,12.4514,1,0,1.00004,0.818705,1.2303,1.09946,1.02345,1.15622,0.0334228,0.0273785,0.0428722,0.0334228,0.0273785,0.0428722,0.0334228,0.0273785,0.0428722,0.0334228,0.0273785,0.0428722,0.0334228,0.0273785,0.0428722
2025-09-11,12.4514,1,0,1.00004,0.800709,1.25896,1.10034,1.02365,1.15759,0.0334101,0.026982,0.0432568,0.0334101,0.026982,0.0432568,0.0334101,0.026982,0.0432568,0.0334101,0.026982,0.0432568,0.0334101,0.026982,0.0432568
2025-09-12,12.4514,1,0,1.00004,0.783109,1.28829,1.10011,1.0236,1.15723,0.0334146,0.0265846,0.0436912,0.0334146,0.0265846,0.0436912,0.0334146,0.0265846,0.0436912,0.0334146,0.0265846,0.0436912,0.0334146,0.0265846,0.0436912
2025-09-13,6.37713,0.512161,0,1.00005,0.765896,1.3183,1.08442,1.0199,1.13259,0.0328791,0.0259733,0.0440378,0.0328791,0.0259733,0.0440378,0.0168394,0.0133025,0.0225544,0.0328791,0.0259733,0.0440378,0.0168394,0.0133025,0.0225544
2025-09-14,6.37713,0.512161,0,1.00005,0.749061,1.34902,1.08154,1.01922,1.12808,0.0326285,0.0254045,0.0445321,0.0326285,0.0254045,0.0445321,0.016711,0.0130112,0.0228076,0.0326285,0.0254045,0.0445321,0.016711,0.0130112,0.0228076
2025-09-15,12.4514,1,0,1.00006,0.732597,1.38044,1.08794,1.02073,1.13812,0.0329965,0.0249886,0.0456669,0.0329965,0.0249886,0.0456669,0.0329965,0.0249886,0.0456669,0.0329965,0.0249886,0.0456669,0.0329965,0.0249886,0.0456669
2025-09-16,12.4514,1,0,0.991468,0.74482,1.34448,1.09766,1.02302,1.1534,0.032923,0.0256279,0.0446899,0.032923,0.0256279,0.0446899,0.032923,0.0256279,0.0446899,0.032923,0.0256279,0.0446899,0.032923,0.0256279,0.0446899
2025-09-17,12.4514,1,0,0.98296,0.74782,1.31244,1.08544,1.02014,1.13419,0.0323171,0.0253484,0.0432486,0.0323171,0.0253484,0.0432486,0.0323171,0.0253484,0.0432486,0.0323171,0.0253484,0.0432486,0.0323171,0.0253484,0.0432486
2025-09-18,12.4514,1,0,0.970494,0.752946,1.29182,1.06922,1.01632,1.10872,0.0315396,0.0249634,0.041193,0.0315396,0.0249634,0.041193,0.0315396,0.0249634,0.041193,0.0315396,0.0249634,0.041193,0.0315396,0.0249634,0.041193
2025-09-19,12.4514,1,0,0.960139,0.761805,1.25988,1.0964,1.02273,1.15141,0.0319694,0.0255815,0.0408593,0.0319694,0.0255815,0.0408593,0.0319694,0.0255815,0.0408593,0.0319694,0.0255815,0.0408593,0.0319694,0.0255815,0.0408593
2025-09-20,6.37713,0.512161,0.000933233,0.954289,0.755716,1.23022,1.19991,1.04713,1.31399,0.0343954,0.028227,0.0438439,0.034388,0.028221,0.0438345,0.0176122,0.0144537,0.0224503,0.0343954,0.028227,0.0438439,0.017616,0.0144568,0.0224551
2025-09-21,6.37713,0.512161,0.00186647,0.945238,0.746002,1.20896,1.1666,1.03928,1.26168,0.0331474,0.0272407,0.0417684,0.0331332,0.0272291,0.0417506,0.0169696,0.0139457,0.021383,0.0331474,0.0272407,0.0417684,0.0169768,0.0139516,0.0213921
2025-09-22,12.4514,1,0.0027997,0.93867,0.742147,1.19871,1.1071,1.02525,1.16822,0.0313864,0.0256413,0.0388697,0.0313664,0.0256249,0.0388449,0.0313664,0.0256249,0.0388449,0.0313864,0.0256413,0.0388697,0.0313864,0.0256413,0.0388697
2025-09-23,12.4514,1,0.00373293,0.926935,0.727122,1.1832,1.05589,1.01318,1.08779,0.0297435,0.0241032,0.0365623,0.0297182,0.0240826,0.0365312,0.0297182,0.0240826,0.0365312,0.0297435,0.0241032,0.0365623,0.0297435,0.0241032,0.0365623
2025-09-24,12.4514,1,0.00466616,0.920212,0.715224,1.18857,1.05063,1.01194,1.07952,0.0292914,0.0233658,0.0361269,0.0292602,0.0233409,0.0360884,0.0292602,0.0233409,0.0360884,0.0292914,0.0233658,0.0361269,0.0292914,0.0233658,0.0361269
2025-09-25,12.4514,1,0.0055994,0.912049,0.700554,1.18923,1.04281,1.01009,1.06724,0.0288347,0.0229076,0.0357347,0.0287978,0.0228783,0.0356891,0.0287978,0.0228783,0.0356891,0.0288347,0.0229076,0.0357347,0.0288347,0.0229076,0.0357347
2025-09-26,12.4514,1,0.00653263,0.906544,0.688307,1.1843,1.05435,1.01281,1.08537,0.0289491,0.0225871,0.0360743,0.0289059,0.0225534,0.0360205,0.0289059,0.0225534,0.0360205,0.0289491,0.0225871,0.0360743,0.0289491,0.0225871,0.0360743
2025-09-27,6.37713,0.512161,0.00760532,0.899334,0.673686,1.17727,1.07065,1.01666,1.11097,0.0289072,0.0224675,0.0365777,0.028858,0.0224293,0.0365155,0.0147799,0.0114874,0.0187018,0.0289072,0.0224675,0.0365777,0.0148051,0.011507,0.0187337
2025-09-28,6.37713,0.512161,0.00867801,0.888741,0.658039,1.17148,1.06373,1.01503,1.1001,0.0285253,0.0217963,0.0362636,0.0284708,0.0217547,0.0361943,0.0145816,0.0111419,0.0185373,0.0285253,0.0217963,0.0362636,0.0146095,0.0111632,0.0185728
2025-09-29,12.4514,1,0.00975069,0.881136,0.640312,1.18302,1.106,1.02499,1.16649,0.0293899,0.0226474,0.0376555,0.0293276,0.0225993,0.0375756,0.0293276,0.0225993,0.0375756,0.0293899,0.0226474,0.0376555,0.0293899,0.0226474,0.0376555
2025-09-30,12.4514,1,0.0108234,0.882001,0.649059,1.16472,1.11412,1.0269,1.17925,0.0296077,0.0232629,0.037397,0.0295387,0.0232087,0.0373099,0.0295387,0.0232087,0.0373099,0.0296077,0.0232629,0.037397,0.0296077,0.0232629,0.037397
2025-10-01,12.4514,1,0.0118961,0.882451,0.653487,1.15251,1.1945,1.04585,1.30549,0.0317952,0.0254197,0.0391994,0.0317144,0.0253552,0.0390999,0.0317144,0.0253552,0.0390999,0.0317952,0.0254197,0.0391994,0.0317952,0.0254197,0.0391994
2025-10-02,12.4514,1,0.0129688,0.884121,0.65986,1.14506,1.22185,1.0523,1.34845,0.0324425,0.0261933,0.0397914,0.0323533,0.0261213,0.0396821,0.0323533,0.0261213,0.0396821,0.0324425,0.0261933,0.0397914,0.0324425,0.0261933,0.0397914
2025-10-03,12.4514,1,0.0140414,0.882436,0.672923,1.14307,1.16558,1.03904,1.26006,0.0310853,0.025461,0.0377616,0.0309933,0.0253857,0.0376499,0.0309933,0.0253857,0.0376499,0.0310853,0.025461,0.0377616,0.0310853,0.025461,0.0377616
2025-10-04,6.37713,0.512161,0.0156795,0.882509,0.676908,1.13857,1.12818,1.03022,1.20133,0.0300413,0.0248606,0.0362804,0.0299434,0.0247795,0.0361621,0.0153358,0.0126911,0.0185208,0.0300413,0.0248606,0.0362804,0.015386,0.0127326,0.0185814
2025-10-05,6.37713,0.512161,0.0173176,0.881604,0.674436,1.13675,1.09591,1.02261,1.15065,0.0292884,0.0241174,0.0356306,0.029184,0.0240315,0.0355036,0.0149469,0.012308,0.0181836,0.0292884,0.0241174,0.0356306,0.0150004,0.012352,0.0182486
2025-10-06,12.4514,1,0.0189557,0.881906,0.677453,1.14367,1.10023,1.02363,1.15743,0.0293888,0.0244808,0.0357701,0.0292752,0.0243861,0.0356318,0.0292752,0.0243861,0.0356318,0.0293888,0.0244808,0.0357701,0.0293888,0.0244808,0.0357701
2025-10-07,12.4514,1,0.0205937,0.883524,0.673304,1.15364,1.07343,1.01731,1.11534,0.0286811,0.0239413,0.0352258,0.0285615,0.0238415,0.035079,0.0285615,0.0238415,0.035079,0.0286811,0.0239413,0.0352258,0.0286811,0.0239413,0.0352258
2025-10-08,12.4514,1,0.0222318,0.885029,0.673168,1.16428,1.10018,1.02362,1.15735,0.0294166,0.0245578,0.0360064,0.029285,0.024448,0.0358454,0.029285,0.024448,0.0358454,0.0294166,0.0245578,0.0360064,0.0294166,0.0245578,0.0360064
2025-10-09,12.4514,1,0.0238699,0.88694,0.668121,1.16993,1.29397,1.06931,1.46173,0.0345222,0.0280361,0.0429482,0.0343573,0.0279022,0.0427431,0.0343573,0.0279022,0.0427431,0.0345222,0.0280361,0.0429482,0.0345222,0.0280361,0.0429482
2025-10-10,12.4514,1,0.0255079,0.885313,0.661669,1.18502,1.26192,1.06175,1.41138,0.0336299,0.0271635,0.0426247,0.0334591,0.0270256,0.0424082,0.0334591,0.0270256,0.0424082,0.0336299,0.0271635,0.0426247,0.0336299,0.0271635,0.0426247
2025-10-11,6.37713,0.512161,0.0293577,0.885783,0.653055,1.20415,1.14176,1.03342,1.22266,0.0306518,0.0246721,0.0386039,0.0304742,0.0245292,0.0383803,0.0156077,0.0125629,0.0196569,0.0306518,0.0246721,0.0386039,0.0156987,0.0126361,0.0197714
2025-10-12,6.37713,0.512161,0.0332075,0.887798,0.645438,1.21372,1.12707,1.02996,1.19958,0.0303626,0.0239654,0.0385555,0.0301649,0.0238094,0.0383045,0.0154493,0.0121942,0.0196181,0.0303626,0.0239654,0.0385555,0.0155505,0.0122741,0.0197466
2025-10-13,9.5903,0.770218,0.0370574,0.889185,0.633088,1.24279,1.141,1.03324,1.22146,0.0307451,0.0238366,0.0396951,0.030523,0.0236644,0.0394083,0.0235093,0.0182267,0.030353,0.0307451,0.0238366,0.0396951,0.0236804,0.0183594,0.0305739
2025-10-14,12.4514,1,0.0409072,0.886797,0.643333,1.22601,1.12654,1.02983,1.19875,0.0302266,0.0241029,0.0384538,0.0299865,0.0239115,0.0381484,0.0299865,0.0239115,0.0381484,0.0302266,0.0241029,0.0384538,0.0302266,0.0241029,0.0384538
2025-10-15,12.4514,1,0.044757,0.881008,0.649397,1.206,1.16404,1.03867,1.25765,0.0312146,0.0252855,0.0388861,0.0309444,0.0250666,0.0385495,0.0309444,0.0250666,0.0385495,0.0312146,0.0252855,0.0388861,0.0312146,0.0252855,0.0388861
2025-10-16,12.4514,1,0.0486068,0.872999,0.658958,1.19265,1.26999,1.06365,1.42407,0.0338074,0.0276893,0.0414798,0.0334906,0.0274298,0.041091,0.0334906,0.0274298,0.041091,0.0338074,0.0276893,0.0414798,0.0338074,0.0276893,0.0414798
2025-10-17,12.4514,1,0.0524566,0.87371,0.664744,1.17926,1.23742,1.05597,1.3729,0.0328869,0.0274967,0.0396449,0.0325552,0.0272193,0.0392451,0.0325552,0.0272193,0.0392451,0.0328869,0.0274967,0.0396449,0.0328869,0.0274967,0.0396449
2025-10-18,6.37713,0.512161,0.0549628,0.870198,0.667975,1.16956,1.2199,1.05184,1.34539,0.0322725,0.0273362,0.0385009,0.0319319,0.0270477,0.0380946,0.0163543,0.0138528,0.0195106,0.0322725,0.0273362,0.0385009,0.0165287,0.0140005,0.0197187
2025-10-19,6.37713,0.512161,0.057469,0.868288,0.669191,1.16755,1.13127,1.03095,1.20618,0.0299482,0.025932,0.0356618,0.0296182,0.0256462,0.0352688,0.0151693,0.013135,0.0180633,0.0299482,0.025932,0.0356618,0.0153383,0.0132814,0.0182646
2025-10-20,12.4514,1,0.0599751,0.866725,0.664263,1.15565,1.12277,1.02894,1.19283,0.0296194,0.02562,0.0353113,0.0292791,0.0253257,0.0349057,0.0292791,0.0253257,0.0349057,0.0296194,0.02562,0.0353113,0.0296194,0.02562,0.0353113
2025-10-21,12.4514,1,0.0624813,0.864391,0.654553,1.15985,1.17397,1.04101,1.27325,0.0308355,0.0266335,0.0365256,0.0304668,0.0263151,0.036089,0.0304668,0.0263151,0.036089,0.0308355,0.0266335,0.0365256,0.0308355,0.0266335,0.0365256
2025-10-22,12.4514,1,0.0649875,0.862491,0.647722,1.15698,1.1625,1.03831,1.25524,0.0304335,0.0260701,0.0360739,0.0300555,0.0257463,0.0356258,0.0300555,0.0257463,0.0356258,0.0304335,0.0260701,0.0360739,0.0304335,0.0260701,0.0360739
2025-10-23,12.4514,1,0.0674937,0.864723,0.640098,1.16349,1.21937,1.05172,1.34455,0.0318541,0.0270825,0.0380482,0.0314436,0.0267334,0.0375577,0.0314436,0.0267334,0.0375577,0.0318541,0.0270825,0.0380482,0.0318541,0.0270825,0.0380482
2025-10-24,12.4514,1,0.0699999,0.864394,0.630811,1.16897,1.23099,1.05446,1.3628,0.0320496,0.0270249,0.0387415,0.0316215,0.026664,0.0382241,0.0316215,0.026664,0.0382241,0.0320496,0.0270249,0.0387415,0.0320496,0.0270249,0.0387415
2025-10-25,6.37713,0.512161,0.0730928,0.865167,0.619891,1.1796,1.25831,1.0609,1.40572,0.0326813,0.0270754,0.040374,0.0322259,0.0266981,0.0398114,0.0165049,0.0136738,0.0203899,0.0326813,0.0270754,0.040374,0.0167381,0.013867,0.020678
2025-10-26,6.37713,0.512161,0.0761858,0.862097,0.612008,1.19286,1.27707,1.06532,1.43519,0.03303,0.0267666,0.041593,0.0325508,0.0263782,0.0409895,0.0166712,0.0135099,0.0209932,0.03303,0.0267666,0.041593,0.0169167,0.0137088,0.0213023
2025-10-27,12.4514,1,0.0792787,0.86196,0.595636,1.21108,1.26523,1.06253,1.41658,0.0326426,0.0259488,0.0420386,0.0321501,0.0255573,0.0414044,0.0321501,0.0255573,0.0414044,0.0326426,0.0259488,0.0420386,0.0326426,0.0259488,0.0420386
2025-10-28,12.4514,1,0.0823717,0.873854,0.613914,1.21296,1.23079,1.05441,1.3625,0.0323965,0.0258938,0.0407454,0.0318891,0.0254882,0.0401072,0.0318891,0.0254882,0.0401072,0.0323965,0.0258938,0.0407454,0.0323965,0.0258938,0.0407454
2025-10-29,12.4514,1,0.0854646,0.886091,0.629891,1.21398,1.20537,1.04842,1.32257,0.0322341,0.026178,0.0397988,0.0317106,0.0257528,0.0391525,0.0317106,0.0257528,0.0391525,0.0322341,0.026178,0.0397988,0.0322341,0.026178,0.0397988
2025-10-30,12.4514,1,0.0885575,0.902234,0.648113,1.21504,1.14453,1.03407,1.22701,0.0310971,0.0255768,0.0378683,0.0305741,0.0251466,0.0372314,0.0305741,0.0251466,0.0372314,0.0310971,0.0255768,0.0378683,0.0310971,0.0255768,0.0378683
2025-10-31,12.4514,1,0.0916505,0.914791,0.665972,1.22128,1.17036,1.04016,1.26757,0.0322678,0.0270131,0.0384552,0.0317065,0.0265432,0.0377862,0.0317065,0.0265432,0.0377862,0.0322678,0.0270131,0.0384552,0.0322678,0.0270131,0.0384552
2025-11-01,6.37713,0.512161,0.0952658,0.929888,0.688847,1.22956,1.26514,1.06251,1.41644,0.035399,0.0303489,0.0417463,0.0347593,0.0298005,0.0409919,0.0178023,0.0152626,0.0209945,0.035399,0.0303489,0.0417463,0.01813,0.0155435,0.0213809
2025-11-02,6.37713,0.512161,0.0988811,0.944668,0.705302,1.24374,1.30283,1.07139,1.47565,0.0370349,0.0319088,0.0433536,0.0363406,0.0313106,0.0425408,0.0186122,0.0160361,0.0217877,0.0370349,0.0319088,0.0433536,0.0189679,0.0163425,0.022204
2025-11-03,12.4514,1,0.102496,0.959868,0.720522,1.26166,1.22336,1.05266,1.35082,0.0354255,0.0305958,0.0408402,0.0347374,0.0300015,0.0400469,0.0347374,0.0300015,0.0400469,0.0354255,0.0305958,0.0408402,0.0354255,0.0305958,0.0408402
2025-11-04,12.4514,1,0.106112,0.973168,0.73849,1.28538,1.29424,1.06937,1.46215,0.037893,0.0332922,0.0438034,0.0371313,0.032623,0.0429229,0.0371313,0.032623,0.0429229,0.037893,0.0332922,0.0438034,0.037893,0.0332922,0.0438034
2025-11-05,12.4514,1,0.109727,0.987038,0.749591,1.31979,1.23952,1.05647,1.3762,0.0369967,0.0323679,0.0424141,0.036228,0.0316954,0.0415329,0.036228,0.0316954,0.0415329,0.0369967,0.0323679,0.0424141,0.0369967,0.0323679,0.0424141
2025-11-06,12.4514,1,0.113342,1.00168,0.765006,1.3467,1.30751,1.0725,1.483,0.039651,0.0343504,0.0451805,0.0388003,0.0336135,0.0442112,0.0388003,0.0336135,0.0442112,0.039651,0.0343504,0.0451805,0.039651,0.0343504,0.0451805
2025-11-07,12.4514,1,0.116958,1.01617,0.781029,1.38366,1.27024,1.06371,1.42446,0.0392033,0.0336609,0.0450949,0.0383358,0.032916,0.0440969,0.0383358,0.032916,0.0440969,0.0392033,0.0336609,0.0450949,0.0392033,0.0336609,0.0450949
2025-11-08,6.37713,0.512161,0.12117,1.03044,0.79625,1.41786,1.19515,1.04601,1.30651,0.0375847,0.0318204,0.0443985,0.0367231,0.0310909,0.0433807,0.0188081,0.0159236,0.0222179,0.0375847,0.0318204,0.0443985,0.0192494,0.0162971,0.0227392
2025-11-09,6.37713,0.512161,0.125382,1.04354,0.809102,1.46317,1.18846,1.04443,1.29601,0.0379961,0.0316312,0.0453468,0.037095,0.030881,0.0442713,0.0189986,0.015816,0.022674,0.0379961,0.0316312,0.0453468,0.0194601,0.0162003,0.0232249
2025-11-10,12.4514,1,0.129595,1.06014,0.819878,1.50709,1.1681,1.03963,1.26403,0.038038,0.0310121,0.0461729,0.0371057,0.030252,0.0450412,0.0371057,0.030252,0.0450412,0.038038,0.0310121,0.0461729,0.038038,0.0310121,0.0461729
2025-11-11,9.5903,0.770218,0.133807,1.05738,0.831406,1.49222,1.3674,1.08662,1.57706,0.0442366,0.0364212,0.0522622,0.0431173,0.0354996,0.0509399,0.0332097,0.0273424,0.0392348,0.0442366,0.0364212,0.0522622,0.0340718,0.0280522,0.0402533
2025-11-12,12.4514,1,0.138019,1.05488,0.838458,1.48325,1.32214,1.07595,1.50597,0.0428647,0.0360534,0.0499032,0.0417462,0.0351126,0.0486009,0.0417462,0.0351126,0.0486009,0.0428647,0.0360534,0.0499032,0.0428647,0.0360534,0.0499032
2025-11-13,12.4514,1,0.142231,1.05459,0.841889,1.47686,1.29178,1.06879,1.45829,0.0418685,0.0359652,0.0481707,0.0407427,0.0349982,0.0468755,0.0407427,0.0349982,0.0468755,0.0418685,0.0359652,0.0481707,0.0418685,0.0359652,0.0481707
2025-11-14,12.4514,1,0.146444,1.05505,0.84923,1.47567,1.3283,1.0774,1.51564,0.0428966,0.0373189,0.048964,0.0417092,0.0362859,0.0476087,0.0417092,0.0362859,0.0476087,0.0428966,0.0373189,0.048964,0.0428966,0.0373189,0.048964
2025-11-15,6.37713,0.512161,0.154367,1.05468,0.853516,1.46192,1.32211,1.07594,1.50593,0.0427096,0.0375223,0.0483586,0.0414631,0.0364272,0.0469472,0.0212358,0.0186566,0.0240445,0.0427096,0.0375223,0.0483586,0.0218742,0.0192175,0.0247674
2025-11-16,6.37713,0.512161,0.16229,1.05873,0.856305,1.45609,1.26903,1.06343,1.42255,0.0410568,0.0366651,0.0460483,0.0397967,0.0355398,0.044635,0.0203823,0.0182021,0.0228603,0.0410568,0.0366651,0.0460483,0.0210277,0.0187784,0.0235841
2025-11-17,12.4514,1,0.170213,1.05937,0.856866,1.46244,1.37147,1.08758,1.58346,0.0441872,0.0390466,0.0499457,0.0427646,0.0377895,0.0483377,0.0427646,0.0377895,0.0483377,0.0441872,0.0390466,0.0499457,0.0441872,0.0390466,0.0499457
2025-11-18,12.4514,1,0.178136,1.06137,0.852055,1.45484,1.35209,1.08301,1.55301,0.0435517,0.0387099,0.0493263,0.0420839,0.0374054,0.0476639,0.0420839,0.0374054,0.0476639,0.0435517,0.0387099,0.0493263,0.0435517,0.0387099,0.0493263
2025-11-19,12.4514,1,0.18606,1.06116,0.848938,1.44794,1.35509,1.08371,1.55772,0.0436871,0.0385128,0.0498026,0.0421491,0.0371569,0.0480492,0.0421491,0.0371569,0.0480492,0.0436871,0.0385128,0.0498026,0.0436871,0.0385128,0.0498026
2025-11-20,12.4514,1,0.193983,1.06038,0.846626,1.43439,1.34939,1.08237,1.54878,0.0433374,0.0383341,0.0502233,0.0417464,0.0369269,0.0483796,0.0417464,0.0369269,0.0483796,0.0433374,0.0383341,0.0502233,0.0433374,0.0383341,0.0502233
2025-11-21,12.4514,1,0.201906,1.062,0.844864,1.4329,1.27319,1.06441,1.42909,0.041051,0.0357932,0.0474604,0.0394823,0.0344254,0.0456466,0.0394823,0.0344254,0.0456466,0.041051,0.0357932,0.0474604,0.041051,0.0357932,0.0474604
2025-11-22,6.37713,0.512161,0.205117,1.06479,0.835414,1.42349,1.26448,1.06235,1.41542,0.0407846,0.035099,0.047859,0.0392005,0.0337358,0.0460002,0.020077,0.0172782,0.0235595,0.0407846,0.035099,0.047859,0.0208883,0.0179764,0.0245115
2025-11-23,6.37713,0.512161,0.208327,1.06619,0.827199,1.43804,1.3315,1.07815,1.52067,0.0428466,0.0361957,0.0513348,0.0411558,0.0347673,0.049309,0.0210784,0.0178065,0.0252541,0.0428466,0.0361957,0.0513348,0.0219444,0.018538,0.0262917
2025-11-24,12.4514,1,0.211538,1.07187,0.81554,1.45032,1.30883,1.07281,1.48506,0.0422122,0.0349711,0.0514169,0.0405201,0.0335692,0.0493557,0.0405201,0.0335692,0.0493557,0.0422122,0.0349711,0.0514169,0.0422122,0.0349711,0.0514169
2025-11-25,12.4514,1,0.214749,1.07898,0.834503,1.43804,1.24378,1.05747,1.38289,0.0405747,0.0342195,0.0484188,0.0389229,0.0328264,0.0464476,0.0389229,0.0328264,0.0464476,0.0405747,0.0342195,0.0484188,0.0405747,0.0342195,0.0484188
2025-11-26,12.4514,1,0.217959,1.09018,0.850737,1.43611,1.14175,1.03342,1.22264,0.0377979,0.0318512,0.0446038,0.0362356,0.0305346,0.0427601,0.0362356,0.0305346,0.0427601,0.0377979,0.0318512,0.0446038,0.0377979,0.0318512,0.0446038
2025-11-27,6.37713,0.512161,0.22117,1.09458,0.868919,1.44121,1.31774,1.07491,1.49906,0.0436516,0.038429,0.0503865,0.0418201,0.0368166,0.0482724,0.0214186,0.018856,0.0247232,0.0436516,0.038429,0.0503865,0.0223567,0.0196818,0.025806
2025-11-28,9.5903,0.770218,0.224381,1.09921,0.885424,1.45007,1.3769,1.08886,1.59198,0.0457659,0.0411232,0.0524689,0.0438171,0.039372,0.0502347,0.0337487,0.030325,0.0386916,0.0457659,0.0411232,0.0524689,0.0352497,0.0316738,0.0404125
2025-11-29,6.37713,0.512161,0.227011,1.10677,0.900776,1.46445,1.40101,1.09454,1.62985,0.0470437,0.0426507,0.0532919,0.0450159,0.0408123,0.0509947,0.0230554,0.0209024,0.0261175,0.0470437,0.0426507,0.0532919,0.024094,0.021844,0.027294
2025-11-30,6.37713,0.512161,0.229642,1.11548,0.911108,1.4779,1.28037,1.0661,1.44037,0.0437121,0.0397655,0.0483344,0.0418051,0.0380306,0.0462257,0.0214109,0.0194778,0.023675,0.0437121,0.0397655,0.0483344,0.0223877,0.0203664,0.024755
2025-12-01,12.4514,1,0.232273,1.12589,0.916829,1.48311,1.36495,1.08604,1.57321,0.0468172,0.0431022,0.0519631,0.0447502,0.0411992,0.0496688,0.0447502,0.0411992,0.0496688,0.0468172,0.0431022,0.0519631,0.0468172,0.0431022,0.0519631
2025-12-02,12.4514,1,0.234904,1.13503,0.925976,1.50313,1.30709,1.0724,1.48233,0.045327,0.0416128,0.0498381,0.0433021,0.0397538,0.0476116,0.0433021,0.0397538,0.0476116,0.045327,0.0416128,0.0498381,0.045327,0.0416128,0.0498381
2025-12-03,12.4514,1,0.237534,1.14296,0.935512,1.51616,1.35238,1.08308,1.55347,0.0473079,0.0434665,0.0518717,0.0451697,0.0415019,0.0495272,0.0451697,0.0415019,0.0495272,0.0473079,0.0434665,0.0518717,0.0473079,0.0434665,0.0518717
2025-12-04,12.4514,1,0.240165,1.15629,0.937639,1.54022,1.39782,1.09379,1.62484,0.0493192,0.0447974,0.0542826,0.0470643,0.0427492,0.0518007,0.0470643,0.0427492,0.0518007,0.0493192,0.0447974,0.0542826,0.0493192,0.0447974,0.0542826
2025-12-05,12.4514,1,0.242796,1.16315,0.938077,1.55557,1.4743,1.11182,1.74496,0.0522828,0.0466976,0.0581987,0.049865,0.0445382,0.0555073,0.049865,0.0445382,0.0555073,0.0522828,0.0466976,0.0581987,0.0522828,0.0466976,0.0581987
2025-12-06,6.37713,0.512161,0.244919,1.17438,0.936766,1.5746,1.34811,1.08207,1.54676,0.0483903,0.0430194,0.0549006,0.0461316,0.0410114,0.0523381,0.0236268,0.0210045,0.0268055,0.0483903,0.0430194,0.0549006,0.0247836,0.0220329,0.028118
2025-12-07,6.37713,0.512161,0.247043,1.18356,0.934051,1.60323,1.35744,1.08427,1.56142,0.0490689,0.0431083,0.0566897,0.0467573,0.0410776,0.0540191,0.0239473,0.0210383,0.0276665,0.0490689,0.0431083,0.0566897,0.0251312,0.0220784,0.0290343
2025-12-08,12.4514,1,0.249167,1.19489,0.938448,1.6169,1.46116,1.10872,1.72433,0.0531012,0.0458152,0.0623928,0.0505767,0.043637,0.0594265,0.0505767,0.043637,0.0594265,0.0531012,0.0458152,0.0623928,0.0531012,0.0458152,0.0623928
2025-12-09,12.4514,1,0.25129,1.19054,0.939195,1.60645,1.44752,1.1055,1.7029,0.0524139,0.0459654,0.0605655,0.0498995,0.0437603,0.05766,0.0498995,0.0437603,0.05766,0.0524139,0.0459654,0.0605655,0.0524139,0.0459654,0.0605655
2025-12-10,12.4514,1,0.253414,1.18718,0.945569,1.58995,1.29331,1.06915,1.4607,0.047029,0.0413609,0.054024,0.0447525,0.0393588,0.0514089,0.0447525,0.0393588,0.0514089,0.047029,0.0413609,0.054024,0.047029,0.0413609,0.054024
2025-12-11,12.4514,1,0.255537,1.18747,0.950249,1.58107,1.39646,1.09347,1.62271,0.0504835,0.0452776,0.056471,0.048018,0.0430663,0.053713,0.048018,0.0430663,0.053713,0.0504835,0.0452776,0.056471,0.0504835,0.0452776,0.056471
2025-12-12,12.4514,1,0.257661,1.18413,0.947174,1.57185,1.43378,1.10227,1.68132,0.0515292,0.0466085,0.0568545,0.0489903,0.044312,0.0540532,0.0489903,0.044312,0.0540532,0.0515292,0.0466085,0.0568545,0.0515292,0.0466085,0.0568545
2025-12-13,6.37713,0.512161,0.261356,1.18028,0.955464,1.57001,1.37211,1.08773,1.58446,0.049255,0.0450321,0.0536876,0.0467907,0.0427791,0.0510015,0.0239644,0.0219098,0.026121,0.049255,0.0450321,0.0536876,0.0252265,0.0230637,0.0274967
2025-12-14,6.37713,0.512161,0.265051,1.17377,0.949279,1.55952,1.38692,1.09122,1.60771,0.0496841,0.0457548,0.0534094,0.0471605,0.0434308,0.0506966,0.0241538,0.0222436,0.0259648,0.0496841,0.0457548,0.0534094,0.0254463,0.0234339,0.0273542
2025-12-15,12.4514,1,0.268747,1.16949,0.941425,1.5575,1.45683,1.1077,1.71752,0.0518813,0.047498,0.0559082,0.0492066,0.0450494,0.053026,0.0492066,0.0450494,0.053026,0.0518813,0.047498,0.0559082,0.0518813,0.047498,0.0559082
2025-12-16,12.4514,1,0.272442,1.1696,0.925574,1.55351,1.40896,1.09642,1.64234,0.0501043,0.0459246,0.0535678,0.0474831,0.0435221,0.0507655,0.0474831,0.0435221,0.0507655,0.0501043,0.0459246,0.0535678,0.0501043,0.0459246,0.0535678
2025-12-17,12.4514,1,0.276137,1.16602,0.910231,1.55364,1.34517,1.08138,1.54215,0.0477961,0.0438132,0.051357,0.0452593,0.0414878,0.0486312,0.0452593,0.0414878,0.0486312,0.0477961,0.0438132,0.051357,0.0477961,0.0438132,0.051357
2025-12-18,12.4514,1,0.279832,1.16029,0.893629,1.5498,1.3158,1.07445,1.49602,0.0465558,0.0421687,0.0507397,0.0440494,0.0398985,0.0480081,0.0440494,0.0398985,0.0480081,0.0465558,0.0421687,0.0507397,0.0465558,0.0421687,0.0507397
2025-12-19,12.4514,1,0.283527,1.15372,0.883673,1.55905,1.25897,1.06105,1.40676,0.0445287,0.0396021,0.0493816,0.0420976,0.03744,0.0466855,0.0420976,0.03744,0.0466855,0.0445287,0.0396021,0.0493816,0.0445287,0.0396021,0.0493816
2025-12-20,6.37713,0.512161,0.284916,1.15378,0.884025,1.57034,1.39635,1.09344,1.62253,0.0491347,0.0429241,0.0543693,0.0464377,0.040568,0.051385,0.0237836,0.0207773,0.0263174,0.0491347,0.0429241,0.0543693,0.0251649,0.021984,0.0278458
2025-12-21,6.37713,0.512161,0.286305,1.14727,0.877187,1.57759,1.36016,1.08491,1.56569,0.0476242,0.0411572,0.0536133,0.0449962,0.038886,0.0506548,0.0230453,0.0199159,0.0259434,0.0476242,0.0411572,0.0536133,0.0243913,0.0210791,0.0274587
2025-12-22,9.5903,0.770218,0.287693,1.14413,0.864583,1.59374,1.43901,1.1035,1.68954,0.0501793,0.0422092,0.0573234,0.0473955,0.0398676,0.0541434,0.0365049,0.0307067,0.0417022,0.0501793,0.0422092,0.0573234,0.038649,0.0325103,0.0441515
2025-12-23,9.5903,0.770218,0.289082,1.10321,0.840188,1.51801,1.34867,1.0822,1.54764,0.0453015,0.0393107,0.0511017,0.0427752,0.0371184,0.0482519,0.0329462,0.0285892,0.0371644,0.0453015,0.0393107,0.0511017,0.034892,0.0302778,0.0393594
2025-12-24,9.5903,0.770218,0.290471,1.06141,0.813985,1.44791,1.34026,1.08022,1.53443,0.0433835,0.0382978,0.0483013,0.0409513,0.0361508,0.0455935,0.0315414,0.027844,0.0351169,0.0433835,0.0382978,0.0483013,0.0334147,0.0294977,0.0372025
2025-12-25,6.37713,0.512161,0.29186,1.02186,0.782804,1.3838,1.39545,1.09323,1.62111,0.043431,0.038599,0.047904,0.0409835,0.0364238,0.0452044,0.0209901,0.0186549,0.023152,0.043431,0.038599,0.047904,0.0222437,0.0197689,0.0245346
2025-12-26,9.5903,0.770218,0.293248,0.983163,0.758904,1.3289,1.48423,1.11416,1.76057,0.0443842,0.0396259,0.0487831,0.04187,0.0373813,0.0460197,0.032249,0.0287917,0.0354452,0.0443842,0.0396259,0.0487831,0.0341855,0.0305206,0.0375736
2025-12-27,6.37713,0.512161,0.29431,0.947379,0.733183,1.27424,1.41842,1.09865,1.6572,0.0409557,0.0371811,0.0442916,0.0386263,0.0350664,0.0417725,0.0197829,0.0179596,0.0213942,0.0409557,0.0371811,0.0442916,0.0209759,0.0190427,0.0226844
2025-12-28,6.37713,0.512161,0.295372,0.914357,0.709531,1.22626,1.39112,1.09221,1.61431,0.0386986,0.035555,0.0415054,0.0364888,0.0335246,0.0391352,0.0186881,0.01717,0.0200435,0.0386986,0.035555,0.0415054,0.0198199,0.0182099,0.0212574
2025-12-29,9.5903,0.770218,0.296434,0.877184,0.687435,1.18032,1.29065,1.06852,1.45651,0.0346124,0.0315883,0.0375321,0.032628,0.0297772,0.0353802,0.0251306,0.0229349,0.0272504,0.0346124,0.0315883,0.0375321,0.0266591,0.0243299,0.0289078
2025-12-30,9.5903,0.770218,0.297495,0.846731,0.656778,1.13566,1.45923,1.10827,1.7213,0.0375612,0.0344562,0.0404644,0.035399,0.0324728,0.0381352,0.027265,0.0250111,0.0293724,0.0375612,0.0344562,0.0404644,0.0289303,0.0265388,0.0311664
2025-12-31,9.5903,0.770218,0.298557,0.815922,0.628148,1.09008,1.4218,1.09944,1.66251,0.0352771,0.032354,0.0378569,0.0332383,0.0304842,0.0356691,0.0256007,0.0234794,0.0274729,0.0352771,0.032354,0.0378569,0.027171,0.0249196,0.0291581
2026-01-01,6.37713,0.512161,0.299619,0.783746,0.603367,1.0486,1.42828,1.10097,1.67268,0.0341444,0.0311376,0.0369171,0.0321633,0.029331,0.0347751,0.0164728,0.0150222,0.0178104,0.0341444,0.0311376,0.0369171,0.0174875,0.0159475,0.0189075
2026-01-02,9.5903,0.770218,0.300681,0.757,0.581688,1.01062,1.45591,1.10748,1.71609,0.033543,0.0302695,0.0366156,0.0315891,0.0285063,0.0344827,0.0243305,0.0219561,0.0265592,0.033543,0.0302695,0.0366156,0.0258354,0.0233141,0.028202
2026-01-03,6.37713,0.512161,0.301498,0.7314,0.556079,0.973462,1.43608,1.10281,1.68494,0.0318344,0.0285319,0.0350815,0.0299742,0.0268647,0.0330317,0.0153516,0.0137591,0.0169175,0.0318344,0.0285319,0.0350815,0.0163043,0.0146129,0.0179674
2026-01-04,6.37713,0.512161,0.302315,0.70362,0.531621,0.939841,1.4202,1.09906,1.65999,0.0303577,0.0269838,0.0338554,0.0285784,0.0254022,0.0318711,0.0146367,0.01301,0.0163231,0.0303577,0.0269838,0.0338554,0.015548,0.01382,0.0173394
2026-01-05,12.4514,1,0.303133,0.679624,0.507495,0.910466,1.41477,1.09778,1.65146,0.0291533,0.0255139,0.0331056,0.0274393,0.0240139,0.0311593,0.0274393,0.0240139,0.0311593,0.0291533,0.0255139,0.0331056,0.0291533,0.0255139,0.0331056
2026-01-06,12.4514,1,0.30395,0.666087,0.503264,0.888664,1.34165,1.08055,1.53661,0.0271626,0.0239145,0.0301466,0.0255608,0.0225042,0.0283688,0.0255608,0.0225042,0.0283688,0.0271626,0.0239145,0.0301466,0.0271626,0.0239145,0.0301466
2026-01-07,12.4514,1,0.304767,0.652361,0.499138,0.868476,1.31961,1.07535,1.50199,0.0262037,0.0232689,0.028863,0.0246537,0.0218925,0.0271557,0.0246537,0.0218925,0.0271557,0.0262037,0.0232689,0.028863,0.0262037,0.0232689,0.028863
2026-01-08,12.4514,1,0.305585,0.639194,0.491548,0.845712,1.33651,1.07933,1.52854,0.0259587,0.0234314,0.0284164,0.0244185,0.0220411,0.0267304,0.0244185,0.0220411,0.0267304,0.0259587,0.0234314,0.0284164,0.0259587,0.0234314,0.0284164
2026-01-09,12.4514,1,0.306402,0.623858,0.485423,0.822938,1.31171,1.07349,1.48959,0.024946,0.0227184,0.0274895,0.0234614,0.0213663,0.0258536,0.0234614,0.0213663,0.0258536,0.024946,0.0227184,0.0274895,0.024946,0.0227184,0.0274895
2026-01-10,6.37713,0.512161,0.30731,0.611014,0.47653,0.808269,1.3092,1.0729,1.48565,0.0243924,0.0223361,0.0269159,0.022936,0.0210024,0.0253088,0.0117469,0.0107566,0.0129622,0.0243924,0.0223361,0.0269159,0.0124929,0.0114397,0.0137853
2026-01-11,6.37713,0.512161,0.308217,0.598678,0.468132,0.791213,1.32587,1.07683,1.51183,0.024223,0.0223081,0.0266327,0.0227719,0.0209717,0.0250373,0.0116629,0.0107409,0.0128231,0.024223,0.0223081,0.0266327,0.0124061,0.0114253,0.0136402
2026-01-12,12.4514,1,0.309125,0.587093,0.460117,0.779435,1.39693,1.09358,1.62344,0.0249008,0.0230369,0.0274622,0.0234042,0.0216523,0.0258116,0.0234042,0.0216523,0.0258116,0.0249008,0.0230369,0.0274622,0.0249008,0.0230369,0.0274622
2026-01-13,12.4514,1,0.310033,0.577927,0.451229,0.767798,1.35821,1.08445,1.56263,0.0237133,0.0217934,0.0263552,0.0222834,0.0204793,0.024766,0.0222834,0.0204793,0.024766,0.0237133,0.0217934,0.0263552,0.0237133,0.0217934,0.0263552
2026-01-14,12.4514,1,0.310941,0.564985,0.44444,0.760321,1.28319,1.06676,1.44479,0.021992,0.0199102,0.0248258,0.0206616,0.0187057,0.0233239,0.0206616,0.0187057,0.0233239,0.021992,0.0199102,0.0248258,0.021992,0.0199102,0.0248258
2026-01-15,12.4514,1,0.311848,0.554173,0.434341,0.746348,1.30901,1.07285,1.48536,0.0220061,0.0197735,0.0248876,0.0206704,0.0185734,0.0233771,0.0206704,0.0185734,0.0233771,0.0220061,0.0197735,0.0248876,0.0220061,0.0197735,0.0248876
2026-01-16,12.4514,1,0.312756,0.541658,0.426661,0.734508,1.46747,1.11021,1.73424,0.023974,0.0215296,0.0276477,0.0225142,0.0202187,0.0259642,0.0225142,0.0202187,0.0259642,0.023974,0.0215296,0.0276477,0.023974,0.0215296,0.0276477
2026-01-17,6.37713,0.512161,0.314159,0.531204,0.415663,0.727693,1.35072,1.08269,1.55087,0.0217756,0.0191607,0.0251641,0.0204431,0.0179882,0.0236242,0.0104702,0.00921286,0.0120994,0.0217756,0.0191607,0.0251641,0.0111526,0.00981336,0.0128881
2026-01-18,6.37713,0.512161,0.315563,0.521665,0.404571,0.71518,1.34627,1.08164,1.54388,0.0213299,0.0184543,0.0248543,0.0200182,0.0173194,0.0233259,0.0102525,0.00887033,0.0119466,0.0213299,0.0184543,0.0248543,0.0109243,0.00945155,0.0127294
2026-01-19,9.5903,0.770218,0.316966,0.511809,0.39219,0.704974,1.38127,1.08989,1.59884,0.0214355,0.0182358,0.0254109,0.0201109,0.0171089,0.0238405,0.0154897,0.0131776,0.0183624,0.0214355,0.0182358,0.0254109,0.01651,0.0140455,0.0195719
2026-01-20,12.4514,1,0.31837,0.514762,0.401239,0.700813,1.48961,1.11543,1.76901,0.0231344,0.0199863,0.0272835,0.0216978,0.0187452,0.0255893,0.0216978,0.0187452,0.0255893,0.0231344,0.0199863,0.0272835,0.0231344,0.0199863,0.0272835
2026-01-21,12.4514,1,0.319773,0.518649,0.404648,0.699234,1.43295,1.10207,1.68001,0.0224991,0.0196345,0.0258002,0.0210952,0.0184093,0.0241902,0.0210952,0.0184093,0.0241902,0.0224991,0.0196345,0.0258002,0.0224991,0.0196345,0.0258002
2026-01-22,12.4514,1,0.321177,0.520371,0.405107,0.702452,1.34531,1.08141,1.54237,0.0212898,0.0186785,0.0240358,0.0199549,0.0175073,0.0225287,0.0199549,0.0175073,0.0225287,0.0212898,0.0186785,0.0240358,0.0212898,0.0186785,0.0240358
2026-01-23,12.4514,1,0.32258,0.52418,0.408768,0.699786,1.44072,1.1039,1.69222,0.0228519,0.0203232,0.025675,0.0214121,0.0190427,0.0240574,0.0214121,0.0190427,0.0240574,0.0228519,0.0203232,0.025675,0.0228519,0.0203232,0.025675
2026-01-24,6.37713,0.512161,0.323195,0.526513,0.413346,0.703449,1.52447,1.12365,1.82376,0.0242407,0.0217455,0.0272386,0.0227104,0.0203727,0.025519,0.0116314,0.0104341,0.0130699,0.0242407,0.0217455,0.0272386,0.0124151,0.0111372,0.0139505
2026-01-25,6.37713,0.512161,0.323809,0.528568,0.415356,0.71091,1.46334,1.10923,1.72774,0.0234069,0.0210937,0.0260491,0.0219264,0.0197595,0.0244015,0.0112299,0.01012,0.0124975,0.0234069,0.0210937,0.0260491,0.0119881,0.0108034,0.0133414
2026-01-26,12.4514,1,0.324424,0.531171,0.413774,0.718204,1.42645,1.10054,1.66981,0.0229829,0.0207958,0.0255598,0.0215263,0.0194779,0.0239399,0.0215263,0.0194779,0.0239399,0.0229829,0.0207958,0.0255598,0.0229829,0.0207958,0.0255598
2026-01-27,12.4514,1,0.325038,0.534414,0.414469,0.727355,1.47657,1.11235,1.74852,0.0238678,0.0215021,0.0267296,0.0223523,0.0201367,0.0250323,0.0223523,0.0201367,0.0250323,0.0238678,0.0215021,0.0267296,0.0238678,0.0215021,0.0267296
2026-01-28,12.4514,1,0.325652,0.538235,0.410897,0.733629,1.48589,1.11455,1.76317,0.0241874,0.0214788,0.027267,0.0226485,0.0201122,0.0255322,0.0226485,0.0201122,0.0255322,0.0241874,0.0214788,0.027267,0.0241874,0.0214788,0.027267
2026-01-29,12.4514,1,0.326267,0.541264,0.412214,0.74907,1.48288,1.11384,1.75844,0.0242317,0.0211125,0.0276273,0.022687,0.0197667,0.0258662,0.022687,0.0197667,0.0258662,0.0242317,0.0211125,0.0276273,0.0242317,0.0211125,0.0276273
2026-01-30,12.4514,1,0.326881,0.543309,0.411195,0.760525,1.51035,1.12032,1.80158,0.0248345,0.0212954,0.0285939,0.0232484,0.0199353,0.0267676,0.0232484,0.0199353,0.0267676,0.0248345,0.0212954,0.0285939,0.0248345,0.0212954,0.0285939
2026-01-31,6.37713,0.512161,0.327488,0.547295,0.409615,0.770769,1.49327,1.11629,1.77476,0.0246808,0.0207989,0.0289543,0.0231016,0.0194681,0.0271017,0.0118317,0.0099708,0.0138804,0.0246808,0.0207989,0.0289543,0.0126405,0.0106524,0.0148293
2026-02-01,6.37713,0.512161,0.328094,0.548558,0.404554,0.784329,1.46634,1.10994,1.73246,0.0243539,0.0200894,0.029177,0.0227928,0.0188016,0.0273067,0.0116736,0.00962946,0.0139854,0.0243539,0.0200894,0.029177,0.0124731,0.010289,0.0149433
2026-02-02,12.4514,1,0.3287,0.552139,0.404538,0.790077,1.45815,1.10801,1.7196,0.0243928,0.019633,0.0296279,0.0228264,0.0183723,0.0277253,0.0228264,0.0183723,0.0277253,0.0243928,0.019633,0.0296279,0.0243928,0.019633,0.0296279
2026-02-03,12.4514,1,0.329306,0.562528,0.419674,0.8019,1.44097,1.10396,1.69262,0.0246574,0.02025,0.0293967,0.0230711,0.0189473,0.0275056,0.0230711,0.0189473,0.0275056,0.0246574,0.02025,0.0293967,0.0246574,0.02025,0.0293967
2026-02-04,12.4514,1,0.329912,0.575878,0.437513,0.813228,1.45082,1.10628,1.70809,0.0255061,0.0213631,0.0296683,0.0238623,0.0199863,0.0277563,0.0238623,0.0199863,0.0277563,0.0255061,0.0213631,0.0296683,0.0255061,0.0213631,0.0296683
2026-02-05,12.4514,1,0.330518,0.592661,0.452899,0.821502,1.4524,1.10666,1.71056,0.0262112,0.0222195,0.0298973,0.0245189,0.0207849,0.027967,0.0245189,0.0207849,0.027967,0.0262112,0.0222195,0.0298973,0.0262112,0.0222195,0.0298973
2026-02-06,12.4514,1,0.331124,0.606274,0.472955,0.832448,1.42467,1.10012,1.66702,0.0263208,0.0225756,0.0297945,0.0246184,0.0211155,0.0278674,0.0246184,0.0211155,0.0278674,0.0263208,0.0225756,0.0297945,0.0263208,0.0225756,0.0297945
2026-02-07,6.37713,0.512161,0.331634,0.621322,0.487165,0.84334,1.44323,1.1045,1.69617,0.0272981,0.0237526,0.0306353,0.0255299,0.0222141,0.028651,0.0130754,0.0113772,0.0146739,0.0272981,0.0237526,0.0306353,0.013981,0.0121652,0.0156902
2026-02-08,6.37713,0.512161,0.332143,0.634573,0.497504,0.85344,1.50488,1.11903,1.793,0.0290644,0.0257313,0.0324121,0.027179,0.0240622,0.0303096,0.01392,0.0123237,0.0155234,0.0290644,0.0257313,0.0324121,0.0148856,0.0131786,0.0166002
2026-02-09,12.4514,1,0.332653,0.649869,0.50842,0.872581,1.47869,1.11285,1.75186,0.0292201,0.0258628,0.0325178,0.0273219,0.0241827,0.0304054,0.0273219,0.0241827,0.0304054,0.0292201,0.0258628,0.0325178,0.0292201,0.0258628,0.0325178
2026-02-10,12.4514,1,0.333162,0.665155,0.522851,0.890567,1.41648,1.09819,1.65415,0.0287468,0.0254179,0.0321625,0.0268766,0.0237643,0.0300701,0.0268766,0.0237643,0.0300701,0.0287468,0.0254179,0.0321625,0.0287468,0.0254179,0.0321625
2026-02-11,12.4514,1,0.333672,0.683256,0.535831,0.915734,1.36914,1.08703,1.5798,0.0285,0.0250475,0.0318729,0.0266432,0.0234156,0.0297963,0.0266432,0.0234156,0.0297963,0.0285,0.0250475,0.0318729,0.0285,0.0250475,0.0318729
2026-02-12,12.4514,1,0.334181,0.699934,0.5464,0.945539,1.41016,1.0967,1.64422,0.0300244,0.0262,0.0339641,0.0280655,0.0244906,0.0317481,0.0280655,0.0244906,0.0317481,0.0300244,0.0262,0.0339641,0.0300244,0.0262,0.0339641
2026-02-13,12.4514,1,0.334691,0.718643,0.559274,0.978359,1.43045,1.10148,1.6761,0.0311475,0.0269354,0.0357786,0.0291124,0.0251755,0.0334408,0.0291124,0.0251755,0.0334408,0.0311475,0.0269354,0.0357786,0.0311475,0.0269354,0.0357786
2026-02-14,6.37713,0.512161,0.335814,0.739231,0.562649,1.01572,1.38939,1.0918,1.6116,0.0310816,0.0266653,0.0360203,0.0290442,0.0249173,0.0336591,0.0148753,0.0127617,0.0172389,0.0310816,0.0266653,0.0360203,0.0159188,0.0136569,0.0184482
2026-02-15,6.37713,0.512161,0.336937,0.757796,0.569303,1.04956,1.40155,1.09467,1.6307,0.032035,0.0271602,0.0378476,0.0299282,0.0253741,0.0353585,0.0153281,0.0129956,0.0181093,0.032035,0.0271602,0.0378476,0.0164071,0.0139104,0.0193841
2026-02-16,9.5903,0.770218,0.338061,0.777014,0.576761,1.08835,1.38814,1.09151,1.60963,0.0325507,0.0269732,0.0389956,0.030403,0.0251936,0.0364228,0.023417,0.0194045,0.0280534,0.0325507,0.0269732,0.0389956,0.0250711,0.0207752,0.0300351
2026-02-17,9.5903,0.770218,0.339184,0.768552,0.575905,1.06452,1.35422,1.08351,1.55637,0.0314896,0.0264173,0.0373269,0.0294053,0.0246687,0.0348562,0.0226485,0.0190003,0.0268469,0.0314896,0.0264173,0.0373269,0.0242539,0.0203471,0.0287498
2026-02-18,9.5903,0.770218,0.340307,0.760809,0.578241,1.04344,1.33506,1.07899,1.52626,0.0307766,0.0261604,0.0360592,0.028733,0.0244233,0.0336648,0.0221306,0.0188113,0.0259292,0.0307766,0.0261604,0.0360592,0.0237047,0.0201492,0.0277734
2026-02-19,9.5903,0.770218,0.34143,0.752978,0.578132,1.02258,1.3813,1.08989,1.59889,0.0315111,0.0272889,0.0366097,0.029412,0.025471,0.0341709,0.0226536,0.0196182,0.026319,0.0315111,0.0272889,0.0366097,0.0242704,0.0210184,0.0281974
2026-02-20,9.5903,0.770218,0.342554,0.747326,0.573232,1.01124,1.33899,1.07992,1.53245,0.0304201,0.0265554,0.0349886,0.0283872,0.0247807,0.0326504,0.0218643,0.0190865,0.0251479,0.0304201,0.0265554,0.0349886,0.0234301,0.0204534,0.0269489
2026-02-21,6.37713,0.512161,0.343079,0.742008,0.566962,1.00242,1.33997,1.08015,1.53397,0.0302309,0.0265156,0.03469,0.0282074,0.0247408,0.032368,0.0144467,0.0126713,0.0165777,0.0302309,0.0265156,0.03469,0.0154831,0.0135803,0.0177669
2026-02-22,6.37713,0.512161,0.343605,0.733156,0.563288,0.993089,1.36273,1.08552,1.56973,0.0304103,0.0269094,0.0345578,0.0283716,0.0251054,0.032241,0.0145308,0.012858,0.0165126,0.0304103,0.0269094,0.0345578,0.015575,0.013782,0.0176992
2026-02-23,12.4514,1,0.344131,0.731237,0.559781,0.988308,1.37361,1.08808,1.58682,0.0304181,0.0270256,0.0344734,0.0283756,0.025211,0.0321586,0.0283756,0.025211,0.0321586,0.0304181,0.0270256,0.0344734,0.0304181,0.0270256,0.0344734
2026-02-24,12.4514,1,0.344657,0.722649,0.552223,0.981424,1.4424,1.1043,1.69486,0.0316037,0.0278513,0.0357964,0.0294782,0.0259782,0.033389,0.0294782,0.0259782,0.033389,0.0316037,0.0278513,0.0357964,0.0316037,0.0278513,0.0357964
2026-02-25,12.4514,1,0.345182,0.718357,0.54272,0.980644,1.37354,1.08806,1.5867,0.0298342,0.0262301,0.0341475,0.0278246,0.0244633,0.0318473,0.0278246,0.0244633,0.0318473,0.0298342,0.0262301,0.0341475,0.0298342,0.0262301,0.0341475
2026-02-26,12.4514,1,0.345708,0.713067,0.533824,0.972387,1.37072,1.0874,1.58228,0.0295973,0.0258552,0.034457,0.0276005,0.0241109,0.0321323,0.0276005,0.0241109,0.0321323,0.0295973,0.0258552,0.034457,0.0295973,0.0258552,0.034457
2026-02-27,12.4514,1,0.346234,0.702304,0.526472,0.974736,1.40387,1.09522,1.63435,0.0299871,0.0260637,0.035539,0.0279608,0.0243025,0.0331376,0.0279608,0.0243025,0.0331376,0.0299871,0.0260637,0.035539,0.0299871,0.0260637,0.035539
2026-02-28,6.37713,0.512161,0.346732,0.69852,0.519073,0.978481,1.34862,1.08219,1.54757,0.0286354,0.02456,0.0344808,0.0266974,0.0228978,0.0321471,0.0136734,0.0117274,0.0164645,0.0286354,0.02456,0.0344808,0.0146659,0.0125787,0.0176597
2026-03-01,6.37713,0.512161,0.34723,0.693355,0.51237,0.982888,1.38788,1.09145,1.60924,0.0292173,0.0247901,0.0358538,0.0272368,0.0231096,0.0334234,0.0139496,0.0118359,0.0171182,0.0292173,0.0247901,0.0358538,0.014964,0.0126965,0.0183629
2026-03-02,12.4514,1,0.347728,0.69044,0.499892,0.986847,1.47599,1.11222,1.74763,0.0307348,0.0252783,0.0386865,0.0286481,0.023562,0.0360599,0.0286481,0.023562,0.0360599,0.0307348,0.0252783,0.0386865,0.0307348,0.0252783,0.0386865
2026-03-03,12.4514,1,0.348226,0.69728,0.51108,0.989768,1.37325,1.088,1.58624,0.0288974,0.0245133,0.0354531,0.0269323,0.0228464,0.0330422,0.0269323,0.0228464,0.0330422,0.0288974,0.0245133,0.0354531,0.0288974,0.0245133,0.0354531
2026-03-04,12.4514,1,0.348725,0.70139,0.519649,0.987652,1.33631,1.07929,1.52822,0.0283366,0.024383,0.0340281,0.0264066,0.0227223,0.0317105,0.0264066,0.0227223,0.0317105,0.0283366,0.024383,0.0340281,0.0283366,0.024383,0.0340281
2026-03-05,12.4514,1,0.349223,0.702852,0.529957,0.990474,1.32708,1.07711,1.51374,0.0284006,0.0247595,0.0333583,0.0264633,0.0230705,0.0310828,0.0264633,0.0230705,0.0310828,0.0284006,0.0247595,0.0333583,0.0284006,0.0247595,0.0333583
2026-03-06,12.4514,1,0.349721,0.708254,0.540126,0.98912,1.31802,1.07497,1.49949,0.0283725,0.0251325,0.033034,0.026434,0.0234154,0.030777,0.026434,0.0234154,0.030777,0.0283725,0.0251325,0.033034,0.0283725,0.0251325,0.033034
2026-03-07,6.37713,0.512161,0.35018,0.713229,0.546232,0.996013,1.29007,1.06839,1.45561,0.028109,0.024766,0.0323283,0.0261856,0.0230713,0.0301162,0.0134112,0.0118162,0.0154244,0.028109,0.024766,0.0323283,0.0143963,0.0126842,0.0165573
2026-03-08,6.37713,0.512161,0.350639,0.71879,0.548375,0.997033,1.25807,1.06084,1.40535,0.0276653,0.0244424,0.0315502,0.0257694,0.0227674,0.029388,0.0131981,0.0116606,0.0150514,0.0276653,0.0244424,0.0315502,0.0141691,0.0125185,0.0161588
2026-03-09,12.4514,1,0.351098,0.725092,0.550169,0.999753,1.29359,1.06922,1.46114,0.0285671,0.0253527,0.0326504,0.0266065,0.0236126,0.0304095,0.0266065,0.0236126,0.0304095,0.0285671,0.0253527,0.0326504,0.0285671,0.0253527,0.0326504
2026-03-10,12.4514,1,0.351557,0.732999,0.55771,1.00673,1.26044,1.0614,1.40906,0.0281192,0.0246062,0.0322749,0.0261864,0.0229149,0.0300564,0.0261864,0.0229149,0.0300564,0.0281192,0.0246062,0.0322749,0.0281192,0.0246062,0.0322749
2026-03-11,12.4514,1,0.352016,0.739126,0.556366,1.0272,1.21599,1.05092,1.33924,0.0273603,0.0235843,0.0318509,0.0254768,0.0219608,0.0296583,0.0254768,0.0219608,0.0296583,0.0273603,0.0235843,0.0318509,0.0273603,0.0235843,0.0318509
2026-03-12,12.4514,1,0.352475,0.742581,0.558329,1.03333,1.28274,1.06666,1.44409,0.0290595,0.0248463,0.0338145,0.0270561,0.0231333,0.0314832,0.0270561,0.0231333,0.0314832,0.0290595,0.0248463,0.0338145,0.0290595,0.0248463,0.0338145
2026-03-13,12.4514,1,0.352934,0.749777,0.563233,1.04599,1.38628,1.09107,1.60671,0.0315832,0.0262292,0.0374036,0.0294025,0.0244182,0.034821,0.0294025,0.0244182,0.034821,0.0315832,0.0262292,0.0374036,0.0315832,0.0262292,0.0374036
2026-03-14,6.37713,0.512161,0.353755,0.756352,0.564551,1.06487,1.34117,1.08043,1.53586,0.0307993,0.025203,0.0365896,0.028667,0.0234581,0.0340564,0.0146821,0.0120143,0.0174424,0.0307993,0.025203,0.0365896,0.0157742,0.012908,0.0187398
2026-03-15,6.37713,0.512161,0.354577,0.762846,0.562128,1.08215,1.36119,1.08515,1.56731,0.0314642,0.025117,0.038071,0.0292801,0.0233734,0.0354282,0.0149961,0.011971,0.0181449,0.0314642,0.025117,0.038071,0.0161147,0.0128639,0.0194985
2026-03-16,12.4514,1,0.355399,0.769516,0.559368,1.09822,1.17676,1.04167,1.27763,0.0276448,0.0213428,0.0345875,0.0257207,0.0198573,0.0321801,0.0257207,0.0198573,0.0321801,0.0276448,0.0213428,0.0345875,0.0276448,0.0213428,0.0345875
2026-03-17,12.4514,1,0.35622,0.772094,0.568908,1.09662,1.35663,1.08408,1.56014,0.0318007,0.0255629,0.038603,0.0295814,0.0237789,0.035909,0.0295814,0.0237789,0.035909,0.0318007,0.0255629,0.038603,0.0318007,0.0255629,0.038603
2026-03-18,12.4514,1,0.357042,0.779102,0.577681,1.09483,1.46308,1.10917,1.72734,0.0345128,0.0283327,0.0416315,0.0320979,0.0263502,0.0387185,0.0320979,0.0263502,0.0387185,0.0345128,0.0283327,0.0416315,0.0345128,0.0283327,0.0416315
2026-03-19,12.4514,1,0.357864,0.785574,0.590424,1.08987,1.37572,1.08858,1.59013,0.0328143,0.0273277,0.0387664,0.0305121,0.0254104,0.0360467,0.0305121,0.0254104,0.0360467,0.0328143,0.0273277,0.0387664,0.0328143,0.0273277,0.0387664
2026-03-20,12.4514,1,0.358685,0.791381,0.599093,1.09227,1.28208,1.0665,1.44305,0.0309205,0.0262113,0.0357815,0.0287455,0.0243675,0.0332646,0.0287455,0.0243675,0.0332646,0.0309205,0.0262113,0.0357815,0.0309205,0.0262113,0.0357815
2026-03-21,6.37713,0.512161,0.358994,0.794319,0.610433,1.09026,1.29075,1.06855,1.45668,0.0312701,0.0268144,0.0359386,0.0290684,0.0249264,0.0334082,0.0148877,0.0127663,0.0171104,0.0312701,0.0268144,0.0359386,0.0160153,0.0137333,0.0184063
2026-03-22,6.37713,0.512161,0.359302,0.80163,0.620481,1.08858,1.23525,1.05546,1.36949,0.0301837,0.0259947,0.0344387,0.0280565,0.0241627,0.0320115,0.0143694,0.0123752,0.0163951,0.0301837,0.0259947,0.0344387,0.0154589,0.0133135,0.0176381
2026-03-23,12.4514,1,0.359611,0.808906,0.622353,1.07844,1.30794,1.0726,1.48368,0.0321424,0.0278983,0.0366968,0.0298749,0.0259303,0.034108,0.0298749,0.0259303,0.034108,0.0321424,0.0278983,0.0366968,0.0321424,0.0278983,0.0366968
2026-03-24,12.4514,1,0.359919,0.819001,0.625491,1.07353,1.36203,1.08535,1.56863,0.0337128,0.0292878,0.0384398,0.0313323,0.0272197,0.0357255,0.0313323,0.0272197,0.0357255,0.0337128,0.0292878,0.0384398,0.0337128,0.0292878,0.0384398
2026-03-25,12.4514,1,0.360228,0.828982,0.628006,1.08366,1.33372,1.07868,1.52416,0.0332993,0.0286771,0.038144,0.0309457,0.0266502,0.0354481,0.0309457,0.0266502,0.0354481,0.0332993,0.0286771,0.038144,0.0332993,0.0286771,0.038144
2026-03-26,12.4514,1,0.360536,0.8369,0.62668,1.0995,1.19981,1.04711,1.31383,0.0302989,0.0253761,0.0352274,0.0281554,0.0235809,0.0327352,0.0281554,0.0235809,0.0327352,0.0302989,0.0253761,0.0352274,0.0302989,0.0253761,0.0352274
2026-03-27,12.4514,1,0.360845,0.846995,0.624476,1.11899,1.31263,1.0737,1.49103,0.0333442,0.0277127,0.0390964,0.0309829,0.0257503,0.0363279,0.0309829,0.0257503,0.0363279,0.0333442,0.0277127,0.0390964,0.0333442,0.0277127,0.0390964
2026-03-28,6.37713,0.512161,0.361069,0.854304,0.616856,1.13821,1.46126,1.10874,1.72448,0.0372477,0.030082,0.045226,0.0346084,0.0279504,0.0420213,0.0177251,0.0143151,0.0215217,0.0372477,0.030082,0.045226,0.0190768,0.0154068,0.023163
2026-03-29,6.37713,0.512161,0.361293,0.86124,0.613528,1.15732,1.38902,1.09171,1.61101,0.0357264,0.0284916,0.0441113,0.0331932,0.0264714,0.0409836,0.0170003,0.0135576,0.0209902,0.0357264,0.0284916,0.0441113,0.0182977,0.0145923,0.0225921
2026-03-30,12.4514,1,0.361517,0.869222,0.611975,1.17039,1.22824,1.05381,1.35848,0.0319605,0.0245882,0.0397055,0.0296929,0.0228437,0.0368884,0.0296929,0.0228437,0.0368884,0.0319605,0.0245882,0.0397055,0.0319605,0.0245882,0.0397055
2026-03-31,12.4514,1,0.361741,0.86075,0.618479,1.15246,1.14373,1.03389,1.22576,0.0295433,0.0232471,0.0363193,0.0274458,0.0215967,0.0337408,0.0274458,0.0215967,0.0337408,0.0295433,0.0232471,0.0363193,0.0295433,0.0232471,0.0363193
2026-04-01,12.4514,1,0.361965,0.857506,0.62849,1.13815,1.14981,1.03532,1.23531,0.0294516,0.0237423,0.0357259,0.0273593,0.0220556,0.0331879,0.0273593,0.0220556,0.0331879,0.0294516,0.0237423,0.0357259,0.0294516,0.0237423,0.0357259
2026-04-02,12.4514,1,0.36219,0.848725,0.635065,1.12784,1.27997,1.06601,1.43974,0.0324624,0.0269689,0.0386783,0.0301548,0.0250517,0.0359287,0.0301548,0.0250517,0.0359287,0.0324624,0.0269689,0.0386783,0.0324624,0.0269689,0.0386783
2026-04-03,12.4514,1,0.362414,0.838249,0.637537,1.11804,1.17014,1.04011,1.26723,0.0296164,0.0246798,0.0352359,0.0275097,0.0229243,0.0327295,0.0275097,0.0229243,0.0327295,0.0296164,0.0246798,0.0352359,0.0296164,0.0246798,0.0352359
2026-04-04,6.37713,0.512161,0.362578,0.83041,0.637915,1.10327,1.20665,1.04872,1.32458,0.0302115,0.0256075,0.0357894,0.0280615,0.0237852,0.0332425,0.014372,0.0121818,0.0170255,0.0302115,0.0256075,0.0357894,0.0154731,0.0131151,0.0183299
2026-04-05,6.37713,0.512161,0.362743,0.82107,0.634756,1.08878,1.17534,1.04134,1.27541,0.0292242,0.0248727,0.0345611,0.0271437,0.0231019,0.0321007,0.0139019,0.0118319,0.0164407,0.0292242,0.0248727,0.0345611,0.0149675,0.0127388,0.0177009
2026-04-06,12.4514,1,0.362908,0.815533,0.634275,1.07931,1.34169,1.08056,1.53668,0.0329959,0.0278202,0.0389865,0.0306459,0.0258388,0.0362099,0.0306459,0.0258388,0.0362099,0.0329959,0.0278202,0.0389865,0.0329959,0.0278202,0.0389865
2026-04-07,12.4514,1,0.363072,0.805516,0.624544,1.07784,1.3316,1.07818,1.52084,0.0325257,0.0272734,0.038774,0.0302083,0.0253301,0.0360113,0.0302083,0.0253301,0.0360113,0.0325257,0.0272734,0.038774,0.0325257,0.0272734,0.038774
2026-04-08,12.4514,1,0.363237,0.80272,0.615418,1.07613,1.38458,1.09067,1.60404,0.033548,0.027756,0.0401645,0.0311567,0.0257775,0.0373015,0.0311567,0.0257775,0.0373015,0.033548,0.027756,0.0401645,0.033548,0.027756,0.0401645
2026-04-09,12.4514,1,0.363402,0.794755,0.609596,1.07053,1.31789,1.07495,1.49931,0.031635,0.0261266,0.0385123,0.0293792,0.0242635,0.035766,0.0293792,0.0242635,0.035766,0.031635,0.0261266,0.0385123,0.031635,0.0261266,0.0385123
2026-04-10,12.4514,1,0.363566,0.790627,0.595714,1.07449,1.22307,1.05259,1.35037,0.0293435,0.0238686,0.0363543,0.0272501,0.0221658,0.0337608,0.0272501,0.0221658,0.0337608,0.0293435,0.0238686,0.0363543,0.0293435,0.0238686,0.0363543
2026-04-11,6.37713,0.512161,0.363781,0.783237,0.580021,1.07009,1.26854,1.06331,1.42178,0.0301252,0.0239738,0.0378643,0.027975,0.0222626,0.0351618,0.0143277,0.0114021,0.0180085,0.0301252,0.0239738,0.0378643,0.015429,0.0122784,0.0193926
2026-04-12,6.37713,0.512161,0.363995,0.777064,0.563639,1.08194,1.30681,1.07233,1.4819,0.0307061,0.0239876,0.0391461,0.0285133,0.0222747,0.0363507,0.0146034,0.0114082,0.0186174,0.0307061,0.0239876,0.0391461,0.0157265,0.0122855,0.0200491
2026-04-13,12.4514,1,0.36421,0.771948,0.551999,1.0864,1.14622,1.03447,1.22966,0.0268452,0.0204787,0.0360797,0.0249272,0.0190155,0.0335019,0.0249272,0.0190155,0.0335019,0.0268452,0.0204787,0.0360797,0.0268452,0.0204787,0.0360797
2026-04-14,12.4514,1,0.364424,0.77473,0.56286,1.07939,1.10826,1.02552,1.17004,0.0261085,0.0199134,0.0342024,0.0242422,0.0184899,0.0317576,0.0242422,0.0184899,0.0317576,0.0261085,0.0199134,0.0342024,0.0261085,0.0199134,0.0342024
2026-04-15,12.4514,1,0.364639,0.77587,0.568151,1.07838,1.10526,1.02482,1.16532,0.0261718,0.0201481,0.0334608,0.0243,0.0187071,0.0310678,0.0243,0.0187071,0.0310678,0.0261718,0.0201481,0.0334608,0.0261718,0.0201481,0.0334608
2026-04-16,12.4514,1,0.364853,0.779518,0.576666,1.0853,1.08758,1.02065,1.13756,0.0258806,0.0203363,0.0325513,0.0240288,0.0188812,0.0302221,0.0240288,0.0188812,0.0302221,0.0258806,0.0203363,0.0325513,0.0258806,0.0203363,0.0325513
2026-04-17,12.4514,1,0.365068,0.784386,0.585747,1.09473,1.11892,1.02804,1.18678,0.0267481,0.0211625,0.0326195,0.0248332,0.0196475,0.0302843,0.0248332,0.0196475,0.0302843,0.0267481,0.0211625,0.0326195,0.0267481,0.0211625,0.0326195
2026-04-18,6.37713,0.512161,0.365436,0.784533,0.583404,1.09417,1.1708,1.04027,1.26827,0.027977,0.0223933,0.0334656,0.0259726,0.0207889,0.0310679,0.0133021,0.0106472,0.0159118,0.027977,0.0223933,0.0334656,0.0143287,0.011469,0.0171398
2026-04-19,6.37713,0.512161,0.365805,0.788538,0.579745,1.10919,1.21145,1.04985,1.33212,0.029124,0.0229772,0.034659,0.0270357,0.0213297,0.0321738,0.0138466,0.0109242,0.0164782,0.029124,0.0229772,0.034659,0.0149162,0.011768,0.017751
2026-04-20,9.5903,0.770218,0.366173,0.792642,0.585822,1.12487,1.33442,1.07884,1.52526,0.0319569,0.0241422,0.0387969,0.0296636,0.0224097,0.0360128,0.0228475,0.0172604,0.0277377,0.0319569,0.0241422,0.0387969,0.0246138,0.0185948,0.0298821
2026-04-21,9.5903,0.770218,0.366542,0.79492,0.583432,1.14131,1.36004,1.08488,1.56549,0.0326147,0.0244044,0.040389,0.0302724,0.0226517,0.0374883,0.0233163,0.0174468,0.0288741,0.0326147,0.0244044,0.040389,0.0251204,0.0187967,0.0311083
2026-04-22,9.5903,0.770218,0.36691,0.801501,0.581163,1.16063,1.25133,1.05925,1.39476,0.0303749,0.0226615,0.0375846,0.0281916,0.0210326,0.0348831,0.0217137,0.0161997,0.0268675,0.0303749,0.0226615,0.0375846,0.0233953,0.0174543,0.0289483
2026-04-23,9.5903,0.770218,0.367279,0.804146,0.574699,1.17456,1.24761,1.05838,1.38891,0.0304639,0.0222502,0.0383067,0.0282725,0.0206496,0.0355511,0.021776,0.0159047,0.0273821,0.0304639,0.0222502,0.0383067,0.0234639,0.0171375,0.0295045
2026-04-24,9.5903,0.770218,0.367647,0.806901,0.564218,1.1828,1.30127,1.07103,1.47319,0.0318863,0.0228912,0.0409961,0.0295907,0.0212432,0.0380447,0.0227913,0.0163619,0.0293027,0.0318863,0.0228912,0.0409961,0.0245594,0.0176312,0.0315759
2026-04-25,6.37713,0.512161,0.367898,0.809601,0.551353,1.22138,1.27475,1.06478,1.43155,0.0313577,0.0221982,0.0411904,0.0290989,0.0205993,0.0382234,0.0149033,0.0105501,0.0195765,0.0313577,0.0221982,0.0411904,0.0160602,0.0113691,0.0210961
2026-04-26,6.37713,0.512161,0.368149,0.813676,0.53799,1.25854,1.24507,1.05778,1.38492,0.0307196,0.0212247,0.0412251,0.0285057,0.0196951,0.0382541,0.0145995,0.010087,0.0195922,0.0307196,0.0212247,0.0412251,0.0157334,0.0108705,0.0211139
2026-04-27,12.4514,1,0.3684,0.813351,0.531622,1.29004,1.22892,1.05397,1.35955,0.0303903,0.0205555,0.0416416,0.0281989,0.0190733,0.038639,0.0281989,0.0190733,0.038639,0.0303903,0.0205555,0.0416416,0.0303903,0.0205555,0.0416416
2026-04-28,12.4514,1,0.36865,0.810553,0.526192,1.25772,1.2333,1.055,1.36643,0.0303329,0.0209165,0.0415798,0.0281445,0.0194075,0.03858,0.0281445,0.0194075,0.03858,0.0303329,0.0209165,0.0415798,0.0303329,0.0209165,0.0415798
2026-04-29,12.4514,1,0.368901,0.804851,0.52177,1.2342,1.19476,1.04592,1.3059,0.0291317,0.0203511,0.0402258,0.0270289,0.0188821,0.0373221,0.0270289,0.0188821,0.0373221,0.0291317,0.0203511,0.0402258,0.0291317,0.0203511,0.0402258
2026-04-30,12.4514,1,0.369152,0.795761,0.514659,1.22931,1.17537,1.04135,1.27545,0.028482,0.0196332,0.040014,0.026425,0.0182153,0.0371241,0.026425,0.0182153,0.0371241,0.028482,0.0196332,0.040014,0.028482,0.0196332,0.040014
2026-05-01,12.4514,1,0.369403,0.794495,0.505137,1.23431,1.23969,1.05651,1.37647,0.0299052,0.0203232,0.0427131,0.0277443,0.0188546,0.0396267,0.0277443,0.0188546,0.0396267,0.0299052,0.0203232,0.0427131,0.0299052,0.0203232,0.0427131
2026-05-02,6.37713,0.512161,0.369719,0.790906,0.491419,1.27252,1.20652,1.04869,1.32438,0.028939,0.0195975,0.042139,0.0268465,0.0181805,0.039092,0.0137497,0.00931134,0.0200214,0.028939,0.0195975,0.042139,0.0148214,0.0100371,0.021582
2026-05-03,6.37713,0.512161,0.370035,0.78419,0.48922,1.27593,1.27336,1.06445,1.42936,0.0301375,0.0201865,0.0456915,0.0279569,0.0187259,0.0423855,0.0143184,0.00959067,0.0217082,0.0301375,0.0201865,0.0456915,0.0154353,0.0103387,0.0234014
2026-05-04,12.4514,1,0.370352,0.782942,0.483503,1.29888,1.20997,1.0495,1.32979,0.0286425,0.019229,0.0441535,0.0265686,0.0178367,0.0409566,0.0265686,0.0178367,0.0409566,0.0286425,0.019229,0.0441535,0.0286425,0.019229,0.0441535
2026-05-05,12.4514,1,0.370668,0.78185,0.474309,1.31809,1.12431,1.02931,1.19525,0.0266397,0.0174551,0.0416029,0.0247096,0.0161904,0.0385887,0.0247096,0.0161904,0.0385887,0.0266397,0.0174551,0.0416029,0.0266397,0.0174551,0.0416029
2026-05-06,12.4514,1,0.370984,0.776195,0.466924,1.34529,1.10958,1.02584,1.17212,0.0261443,0.0167926,0.0421508,0.0242488,0.0155751,0.0390948,0.0242488,0.0155751,0.0390948,0.0261443,0.0167926,0.0421508,0.0261443,0.0167926,0.0421508
2026-05-07,12.4514,1,0.3713,0.775481,0.452788,1.35029,1.21427,1.05052,1.33655,0.0283256,0.0175194,0.0468942,0.0262707,0.0162484,0.0434921,0.0262707,0.0162484,0.0434921,0.0283256,0.0175194,0.0468942,0.0283256,0.0175194,0.0468942
2026-05-08,12.4514,1,0.371617,0.771155,0.442084,1.3673,1.26768,1.06311,1.42044,0.0291089,0.0175174,0.0501801,0.0269957,0.0162457,0.0465372,0.0269957,0.0162457,0.0465372,0.0291089,0.0175174,0.0501801,0.0291089,0.0175174,0.0501801
2026-05-09,6.37713,0.512161,0.371922,0.77258,0.428311,1.40948,1.16636,1.03922,1.2613,0.0269069,0.0162875,0.0478487,0.0249523,0.0151043,0.0443728,0.0127796,0.00773583,0.022726,0.0269069,0.0162875,0.0478487,0.0137807,0.00834181,0.0245062
