parameter,posterior_mean,p05,p95,best
beta_baseline,0.03908615158078012,0.033673978419394394,0.04511129936943762,0.03833719504085175
humidity_impact,0.6210384681056843,0.2251186237057201,0.9453115872819499,0.4191748656274629
seed_scale_E,2.334228072803247,0.8534585080085074,4.669478906873924,2.5121465931363733
IHR_scale|a0,1.5704757859871525,1.0626477217690846,1.9551261722412665,1.3157575068362595
IHR_scale|a1,1.6479806452034444,1.1755091959807602,1.9784837133518047,1.53504356506626
IHR_scale|a2,1.3474344813454593,0.8622164194944167,1.8634135518848278,1.2309476525155858
IHR_scale|a3,0.9717223760127857,0.6343189105911542,1.3911763984261036,0.9746295856687619
IHR_scale|a4,0.5356466186337644,0.36939000442355135,0.7281527095209501,0.48340232793380356
IHR_scale|a5,0.7255229838720456,0.4853782534443112,1.0207061056498907,0.6671026480066511
IHR_scale|a6,0.9547682506754491,0.6788569428978504,1.26542026287824,0.8672915560200606
phi,128.27221473363835,28.24401973608904,390.8335259999297,337.4880519165983
