case,age_group,metric,median,lo,hi,observed
"7-age, m(t)",0-0,attack_rate,0.04795874405016015,0.0355918946957135,0.07418872376680195,
"7-age, m(t)",0-0,hospitalizations,35.745021806441116,22.45315073085979,48.477917090523476,41.1
"7-age, m(t)",0-0,IHR_scale,1.5445186355487837,0.8526291992228051,1.9600100978355708,
"7-age, m(t)",0-0,IHR_unvaccinated,0.01076747516934941,0.005944029110423675,0.013664037179208275,
"7-age, m(t)",0-0,IHR_vaccinated,0.009819937354310745,0.00542095454863136,0.012461601907265467,
"7-age, m(t)",1-4,attack_rate,0.05265843536737251,0.03898141621458122,0.08125300039592456,
"7-age, m(t)",1-4,hospitalizations,153.45072133745273,103.79686241289589,200.5915272361839,164.571428565
"7-age, m(t)",1-4,IHR_scale,1.557340170524731,0.8597193546135569,1.971629179332996,
"7-age, m(t)",1-4,IHR_unvaccinated,0.010856859367318252,0.005993457502130728,0.013745038579019632,
"7-age, m(t)",1-4,IHR_vaccinated,0.0099014557428572,0.005466033241867569,0.012535475183892399,
"7-age, m(t)",5-12,attack_rate,0.08072587393446587,0.05999388083633801,0.12322453820479023,
"7-age, m(t)",5-12,hospitalizations,156.38738460838118,110.59665422056516,203.79757069109152,160.548571404
"7-age, m(t)",5-12,IHR_scale,1.1754104144777233,0.6869983417608453,1.7262824908213865,
"7-age, m(t)",5-12,IHR_unvaccinated,0.0032229088212159954,0.001883710564880104,0.004733368871885566,
"7-age, m(t)",5-12,IHR_vaccinated,0.002939292845738864,0.001717944035632318,0.004316832412319699,
"7-age, m(t)",13-17,attack_rate,0.08288990532986025,0.06159287639077682,0.12645887708808784,
"7-age, m(t)",13-17,hospitalizations,95.10418969899122,62.952782057051074,122.65851916940039,90.30857140399999
"7-age, m(t)",13-17,IHR_scale,1.0149734194977134,0.5520808053698878,1.6198127218532883,
"7-age, m(t)",13-17,IHR_unvaccinated,0.0027829996626773457,0.0015137743172381635,0.004441434792202784,
"7-age, m(t)",13-17,IHR_vaccinated,0.002538095693043802,0.0013805621776922035,0.004050588531577453,
"7-age, m(t)",18-49,attack_rate,0.07640592590743667,0.05678611378824678,0.11735251344308584,
"7-age, m(t)",18-49,hospitalizations,746.2575313645004,581.5650122327874,894.7679663808499,726.71428572
"7-age, m(t)",18-49,IHR_scale,0.5895035118692115,0.3578275334377782,0.850755763249568,
"7-age, m(t)",18-49,IHR_unvaccinated,0.0033088883785306615,0.002008489081186752,0.004775299555143334,
"7-age, m(t)",18-49,IHR_vaccinated,0.0030143973128390748,0.0018297335529596996,0.004350297894732175,
"7-age, m(t)",50-64,attack_rate,0.0653509645161948,0.048551544842143704,0.10071802448734336,
"7-age, m(t)",50-64,hospitalizations,753.2371896627959,594.6301803194594,910.9656663556981,749.999999973
"7-age, m(t)",50-64,IHR_scale,0.7764361113470397,0.4612302224238969,1.1474931962683306,
"7-age, m(t)",50-64,IHR_unvaccinated,0.00823387710789412,0.004891211156184353,0.012168828603072269,
"7-age, m(t)",50-64,IHR_vaccinated,0.007501062043785258,0.00445589336238916,0.011085802855172702,
"7-age, m(t)",65+,attack_rate,0.0409396445272434,0.030322201112847374,0.06360629372118892,
"7-age, m(t)",65+,hospitalizations,4124.760761542779,3699.527743014484,4554.832332709003,4223.714285956001
"7-age, m(t)",65+,IHR_scale,1.068332436201415,0.69470595105416,1.4246583080397424,
"7-age, m(t)",65+,IHR_unvaccinated,0.0971211738856165,0.06315511463042696,0.1295144494111661,
"7-age, m(t)",65+,IHR_vaccinated,0.06701360998385306,0.043577029096800834,0.08936497009740874,
"7-age, m(t)",All,attack_rate,0.06749584008270108,0.05007787894431944,0.10374045051788831,
"7-age, m(t)",All,hospitalizations,6069.960056352995,5569.012590065038,6548.992807095007,6156.957143022
"7-age, m(t)",All,IHR_scale,0.8349032515064176,0.5288665384994767,1.1266659283093037,
"7-age, m(t)",All,IHR_unvaccinated,0.02098372638974635,0.013545031126905442,0.027992715776030536,
"7-age, m(t)",All,IHR_infection_weighted,0.014398863962859903,0.009310192210282883,0.01930369739361331,
"7-age, m(t)",All,infections_per_hospitalization,78.25592684276494,58.35665935467078,121.37885885147801,
"7-age, m(t)",All,peak_daily_hospitalizations,165.40058393615712,141.5114036790313,190.32556029182285,
"7-age, m(t)",All,beta_baseline,0.030301392391104583,0.025137654064617487,0.037360247697407103,
"7-age, m(t)",All,humidity_impact,0.6033426228540799,0.14224204039586757,0.9476474738931625,
"7-age, m(t)",All,seed_scale_E,1.568710067384169,0.370011854645778,3.7207545037522762,
"7-age, m(t)",All,phi,54.56423826070367,14.627498917822905,305.53329973754717,
"7-age, no m(t)",0-0,attack_rate,0.2686634466285791,0.23652303359534127,0.3004535676048802,
"7-age, no m(t)",0-0,hospitalizations,41.722309037534245,26.92769108866209,57.61081536264667,41.1
"7-age, no m(t)",0-0,IHR_scale,0.32381007706878795,0.20409355910673851,0.4480279916658872,
"7-age, no m(t)",0-0,IHR_unvaccinated,0.0022574133352456843,0.001422820210340248,0.003123387548976941,
"7-age, no m(t)",0-0,IHR_vaccinated,0.0020587609617155685,0.001297612031812346,0.002848529444627544,
"7-age, no m(t)",1-4,attack_rate,0.3003777561293082,0.26670967546942753,0.33357551784823153,
"7-age, no m(t)",1-4,hospitalizations,167.43949341282814,120.21737988298037,216.99131589781823,164.571428565
"7-age, no m(t)",1-4,IHR_scale,0.2877252346607443,0.21054383854674677,0.38638288224399164,
"7-age, no m(t)",1-4,IHR_unvaccinated,0.0020058510454320404,0.00146778776340637,0.002693634116590387,
"7-age, no m(t)",1-4,IHR_vaccinated,0.001829336153408701,0.0013386224402080814,0.0024565943142964308,
"7-age, no m(t)",5-12,attack_rate,0.442510305760419,0.4006550103037531,0.4827957344616394,
"7-age, no m(t)",5-12,hospitalizations,161.54440115744612,111.68115010170965,207.8332430492158,160.548571404
"7-age, no m(t)",5-12,IHR_scale,0.22305096250370055,0.15452559686100023,0.29539304349045026,
"7-age, no m(t)",5-12,IHR_unvaccinated,0.0006115931131623634,0.0004237004395169267,0.0008099510042321948,
"7-age, no m(t)",5-12,IHR_vaccinated,0.0005577729193539657,0.0003864148009432784,0.0007386753160582659,
"7-age, no m(t)",13-17,attack_rate,0.45092524821411256,0.40830857576080615,0.4912783304238124,
"7-age, no m(t)",13-17,hospitalizations,92.50610839050258,63.6029718660745,124.54018183878611,90.30857140399999
"7-age, no m(t)",13-17,IHR_scale,0.1864270653819033,0.12990684472076008,0.25123679654153686,
"7-age, no m(t)",13-17,IHR_unvaccinated,0.0005111724603867158,0.0003561972147174718,0.000688877074606789,
"7-age, no m(t)",13-17,IHR_vaccinated,0.0004661892839979638,0.00032485185990963175,0.0006282558922102228,
"7-age, no m(t)",18-49,attack_rate,0.40973651258806115,0.3658821568731432,0.45234628625971346,
"7-age, no m(t)",18-49,hospitalizations,770.8740475666687,653.1196861913425,932.7849048864462,726.71428572
"7-age, no m(t)",18-49,IHR_scale,0.11289387457645499,0.10083196246725017,0.13992371152138597,
"7-age, no m(t)",18-49,IHR_unvaccinated,0.0006336743073995586,0.0005659706890199942,0.0007853930190609472,
"7-age, no m(t)",18-49,IHR_vaccinated,0.0005772772940405463,0.0005155992976968115,0.0007154930403639631,
"7-age, no m(t)",50-64,attack_rate,0.35711933873736457,0.3166876253783266,0.3970730662420292,
"7-age, no m(t)",50-64,hospitalizations,739.8243454793935,589.3746534902225,916.1180299306443,749.999999973
"7-age, no m(t)",50-64,IHR_scale,0.14062629196868687,0.10916507022781491,0.1797656216800526,
"7-age, no m(t)",50-64,IHR_unvaccinated,0.0014913005581362832,0.0011576635341844681,0.00190636166389762,
"7-age, no m(t)",50-64,IHR_vaccinated,0.001358574808189339,0.0010546314794302703,0.0017366954754619865,
"7-age, no m(t)",65+,attack_rate,0.24005871140300358,0.2096582314785054,0.2708742241390515,
"7-age, no m(t)",65+,hospitalizations,3630.0474183374768,3076.277400814301,4335.041939331565,4223.714285956001
"7-age, no m(t)",65+,IHR_scale,0.1605372636117904,0.13164857232519175,0.19427101287206167,
"7-age, no m(t)",65+,IHR_unvaccinated,0.014594303201912929,0.011968057368032175,0.017661009048053605,
"7-age, no m(t)",65+,IHR_vaccinated,0.010070069209737319,0.008257959584284488,0.012186096243662094,
"7-age, no m(t)",All,attack_rate,0.36871463441275476,0.32883840272292464,0.40803938613307,
"7-age, no m(t)",All,hospitalizations,5621.819670646574,4943.270181859521,6389.341763882803,6156.957143022
"7-age, no m(t)",All,IHR_scale,0.15061570199729185,0.13440548454974513,0.1727576652130264,
"7-age, no m(t)",All,IHR_unvaccinated,0.00330886296052369,0.0027878158117948743,0.003925672270240333,
"7-age, no m(t)",All,IHR_infection_weighted,0.002443308884369645,0.0021049276324776414,0.002847729874006213,
"7-age, no m(t)",All,infections_per_hospitalization,458.4657478262357,394.00097552605797,532.0865713683046,
"7-age, no m(t)",All,peak_daily_hospitalizations,81.43754492981067,66.72127665325365,97.05342298390931,
"7-age, no m(t)",All,beta_baseline,0.03684059805165375,0.031245469441751123,0.041063309896431005,
"7-age, no m(t)",All,humidity_impact,0.20610210611873842,0.011915609106766952,0.541055616870606,
"7-age, no m(t)",All,seed_scale_E,2.0338398601210903,0.6519118152662442,7.336990210832519,
"7-age, no m(t)",All,phi,3.091723598247864,1.953454469797221,5.017041957219424,
"1-age, m(t)",0+,attack_rate,0.06433560489037773,0.023281553596168705,0.3458589110474068,
"1-age, m(t)",0+,hospitalizations,6059.690867966911,5109.604538958602,7075.406543207475,6133.7971430630005
"1-age, m(t)",0+,IHR_scale,0.679173418375086,0.12569904630642756,1.824857944452875,
"1-age, m(t)",0+,IHR_unvaccinated,0.014383831215138525,0.0026621092891138676,0.03864763837108625,
"1-age, m(t)",0+,IHR_vaccinated,0.010720793116749392,0.001984166979985778,0.02880549202991818,
"1-age, m(t)",All,attack_rate,0.06433560489037773,0.023281553596168705,0.3458589110474068,
"1-age, m(t)",All,hospitalizations,6059.690867966911,5109.604538958602,7075.406543207475,6133.7971430630005
"1-age, m(t)",All,IHR_scale,0.679173418375086,0.12569904630642756,1.824857944452875,
"1-age, m(t)",All,IHR_unvaccinated,0.014383831215138525,0.0026621092891138676,0.03864763837108625,
"1-age, m(t)",All,IHR_infection_weighted,0.014383831215138525,0.0026621092891138676,0.03864763837108625,
"1-age, m(t)",All,infections_per_hospitalization,74.0522629003174,27.660706719064144,401.897932439138,
"1-age, m(t)",All,peak_daily_hospitalizations,134.6860042718195,95.70475512777513,188.8847010093487,
"1-age, m(t)",All,beta_baseline,0.0324380245406036,0.023461872026255697,0.051064120934059196,
"1-age, m(t)",All,humidity_impact,0.351149849638128,0.016027238988386518,0.8866394705469149,
"1-age, m(t)",All,seed_scale_E,1.0247995738131186,0.1457812597907189,7.868185479263044,
"1-age, m(t)",All,phi,9.83584499414687,2.3339008344412377,39.23022851916527,
"1-age, no m(t)",0+,attack_rate,0.38479716072847214,0.3245016873877812,0.4424101694156244,
"1-age, no m(t)",0+,hospitalizations,6224.621157093085,5359.426493064176,7189.8707444038355,6133.7971430630005
"1-age, no m(t)",0+,IHR_scale,0.11614294173835574,0.1013604382795893,0.14038850049056664,
"1-age, no m(t)",0+,IHR_unvaccinated,0.002459725933902153,0.002146655620878404,0.0029732089639696313,
"1-age, no m(t)",0+,IHR_vaccinated,0.0018333232966133784,0.0015999805934960665,0.002216040894725991,
"1-age, no m(t)",All,attack_rate,0.38479716072847214,0.3245016873877812,0.4424101694156244,
"1-age, no m(t)",All,hospitalizations,6224.621157093085,5359.426493064176,7189.8707444038355,6133.7971430630005
"1-age, no m(t)",All,IHR_scale,0.11614294173835574,0.1013604382795893,0.14038850049056664,
"1-age, no m(t)",All,IHR_unvaccinated,0.002459725933902153,0.002146655620878404,0.0029732089639696313,
"1-age, no m(t)",All,IHR_infection_weighted,0.002459725933902153,0.002146655620878404,0.0029732089639696313,
"1-age, no m(t)",All,infections_per_hospitalization,434.16621087261285,359.2989101475573,498.9172856905758,
"1-age, no m(t)",All,peak_daily_hospitalizations,80.5276843008224,60.13711501882267,106.42105021501096,
"1-age, no m(t)",All,beta_baseline,0.04034714614533346,0.034222929644513615,0.04442198333104994,
"1-age, no m(t)",All,humidity_impact,0.12178910306586532,0.0058234474263974875,0.4843920278037895,
"1-age, no m(t)",All,seed_scale_E,2.225022691046318,0.6391087554032675,8.359808313512895,
"1-age, no m(t)",All,phi,2.1340881630614783,0.9999217565031133,4.379956139269074,
"7-age, m(t)",All,R_eff_peak,2.08623859619236,,,
"7-age, m(t)",All,R_eff_peak_date,2025-12-08,,,
"7-age, m(t)",All,R_eff_season_end,0.4450307409544475,,,
"7-age, m(t)",All,R_v_season_end,0.4780939501932284,,,
"7-age, m(t)",All,R_eff_over_R_v_season_end,0.9308436987637724,,,
"7-age, m(t)",All,beta_eff_season_mean,0.03174385464102939,,,
"7-age, no m(t)",All,R_eff_peak,1.7142002623757464,,,
"7-age, no m(t)",All,R_eff_peak_date,2025-10-09,,,
"7-age, no m(t)",All,R_eff_season_end,0.4292157893654402,,,
"7-age, no m(t)",All,R_v_season_end,0.6918379959009766,,,
"7-age, no m(t)",All,R_eff_over_R_v_season_end,0.6203992725297993,,,
"7-age, no m(t)",All,beta_eff_season_mean,0.03916503352164991,,,
"1-age, m(t)",All,R_eff_peak,1.9699257612255383,,,
"1-age, m(t)",All,R_eff_peak_date,2025-12-08,,,
"1-age, m(t)",All,R_eff_season_end,0.5384985960878049,,,
"1-age, m(t)",All,R_v_season_end,0.5986956064897839,,,
"1-age, m(t)",All,R_eff_over_R_v_season_end,0.8994530613730064,,,
"1-age, m(t)",All,beta_eff_season_mean,0.03588337555968064,,,
"1-age, no m(t)",All,R_eff_peak,1.5900317600757308,,,
"1-age, no m(t)",All,R_eff_peak_date,2025-10-09,,,
"1-age, no m(t)",All,R_eff_season_end,0.4520935584616624,,,
"1-age, no m(t)",All,R_v_season_end,0.736600309790437,,,
"1-age, no m(t)",All,R_eff_over_R_v_season_end,0.6137569485821736,,,
"1-age, no m(t)",All,beta_eff_season_mean,0.04154838630311415,,,
