day,ref_total,generic_total,diff_total,ref_0,generic_0,ref_1-4,generic_1-4,ref_5-12,generic_5-12,ref_13-17,generic_13-17,ref_18-49,generic_18-49,ref_50-64,generic_50-64,ref_65+,generic_65+
0,0.0,0.0,0.0,0.0,0.0,0.0,0.0,0.0,0.0,0.0,0.0,0.0,0.0,0.0,0.0,0.0,0.0
1,0.7751073246082295,0.604137922714395,-0.17096940189383447,0.0040679159952170755,0.0031970479071959427,0.01714503255504227,0.01347364907236209,0.009077639175483493,0.007141111097235359,0.004465174594774546,0.0035129841500814757,0.04615167197169394,0.03630595148668783,0.059196404341690434,0.04654103457094225,0.6350034859743278,0.4939661444298901
2,0.9045502478178038,0.7963971344854843,-0.10815311333231947,0.004747257966418328,0.00422832349796071,0.020008252991734327,0.01781933700274429,0.010593604917789236,0.009448462486000014,0.005210858752101895,0.004648262958764295,0.053859001190966815,0.04803658386704453,0.06908220386675273,0.061563629588162284,0.7410490681320405,0.6506525350848082
3,0.8627940081019122,0.8293886008741049,-0.03340540722780727,0.0045028087211525505,0.0044013233915766075,0.019614049964394354,0.018941249786654395,0.011216202251664786,0.010561986262951161,0.005512970349710242,0.005193699897589959,0.054216157131849345,0.05195927679102301,0.0679840003811523,0.06561365395249667,0.6997478193019886,0.6727174107918131
4,0.7842008433650212,0.8045069131776661,0.020306069812644933,0.004055680455623448,0.004253949066377157,0.018600690988831374,0.018982839560205175,0.011818202938926803,0.011455366153671293,0.00580342180720861,0.0056290737453929115,0.0534307957743442,0.053568926535040466,0.06484518868757645,0.06603995697468441,0.6256468627125102,0.6445768011422947
5,0.7068292522237292,0.762155381870346,0.05532612964661687,0.0036225029544578163,0.0040094261047520325,0.01761165591412524,0.018717883129935727,0.012417039501170438,0.012334439275276773,0.006092733910200443,0.006056833879309619,0.052544474579541034,0.05453387026256036,0.061655795199381594,0.06538705812376437,0.5528850501648526,0.6011158710947472
6,0.6398525857598198,0.717862302792034,0.07800971703221415,0.003258926380518572,0.003758117719452838,0.016775530521213965,0.018414433317061267,0.012957790987421749,0.013208102642864419,0.006354683922871215,0.006482190529062579,0.05161926985739911,0.05528168828966585,0.05875179927163792,0.06447607247800527,0.49013458481875727,0.5562416978159218
7,0.5708779649219192,0.6666215774492501,0.09574361252733088,0.0029794585271878506,0.0035428424262808973,0.015329595431978909,0.01755069780270342,0.011869703140059801,0.01283788313713835,0.005807985560255592,0.006289756273046169,0.04746634608250205,0.05332398480942552,0.05363525717968721,0.061514354666061644,0.4337896190002478,0.5115620583345941
8,0.5131677503322454,0.6201803952131413,0.1070126448808959,0.0027867033276089107,0.0033871776432672484,0.013974888860233094,0.016626118449399076,0.01045362954876918,0.012018642986193288,0.005097803131651978,0.005873488781059831,0.0430755793682597,0.050652651751595855,0.0487494877569985,0.058239464667035175,0.38902965833872405,0.4733828509345908
9,0.48273890106599415,0.5956387383674399,0.1128998373014457,0.00264720354837074,0.0032844653509316447,0.013705129177983692,0.016567440969508976,0.010856434000517034,0.012585857444468952,0.005292495125564297,0.006146302969653664,0.04265136804234477,0.05110609597077684,0.04737647995938566,0.05775169859329662,0.36020979121182795,0.4481968770688032
10,0.4598176996875843,0.5801868038011501,0.12036910411356577,0.0025144730159600307,0.003200963901994754,0.013610192779189558,0.016788864825723653,0.011534074853498296,0.013578400268925555,0.005625402236367429,0.006631405109701367,0.04289823720135485,0.05254471324431842,0.046672058994875504,0.058194674610227884,0.33696326060633863,0.4292477818402584
11,0.44255206072818476,0.5708815684670274,0.12832950773884266,0.002406410223713139,0.0031409065511217964,0.01361181298671393,0.017158694892260427,0.012253539059121075,0.014728036770641382,0.0059790268192471945,0.007194702520691015,0.04332696826453093,0.05436864167593136,0.04626830417735469,0.05908015885955324,0.31870599919750375,0.41521042719682816
12,0.43165741219301346,0.5681317878937147,0.1364743757007012,0.002337064261995596,0.003116548114237056,0.01375118404836293,0.01769310327720086,0.013027086945222179,0.01600610307472091,0.006358499361734882,0.007820988644654017,0.044001059669100125,0.05654837014621421,0.04624875293744323,0.06041837943392895,0.3059337649691545,0.4065282952027587
13,0.4267464280521255,0.5720242303592479,0.1452778023071224,0.0023066736123522245,0.0031327336100332825,0.014033038083493064,0.018406287823727125,0.013865463427938794,0.01741755177011883,0.00676881619468349,0.00851213572070996,0.0449423507607808,0.05910442366470942,0.04662086089485028,0.06223520233656801,0.29820922507802683,0.40321589543338127
14,0.4104890747462992,0.5657832406890344,0.1552941659427352,0.002307908342495266,0.00318687021151949,0.01347346610084142,0.018346956869352775,0.012773590707446044,0.017025979301392193,0.006221039845231724,0.00830685037140561,0.04264846193308223,0.058524272241464094,0.04454635836594114,0.06169965782942378,0.28851824945126137,0.3986926538644765
15,0.39545900972848885,0.5594056619350628,0.16394665220657395,0.0023394588543195535,0.003280683246935723,0.01281371669795593,0.018085240404677995,0.011271820205674828,0.01596811491617742,0.005468791708040288,0.007768919713074877,0.03990532702630833,0.05700738617764982,0.042252434409136494,0.06058324263759142,0.2814074608270534,0.39671207483895554
16,0.3983348485698492,0.5721988646345578,0.17386401606470864,0.00236414752103702,0.003388134902731386,0.01316234594845123,0.018832774955231092,0.011890601304217166,0.01689941660499374,0.005767391814016996,0.008216856350355125,0.04083002231820373,0.05911667837707168,0.04292228259909831,0.062463205988120114,0.28139805706482474,0.4032817974560547
17,0.40382263911763944,0.5919128906042717,0.18809025148663222,0.0023648285513911587,0.003488857520194682,0.013643098980162001,0.019910868720976006,0.012894970940446305,0.01852379125587762,0.006258046526519132,0.00900845986182523,0.0424564879508427,0.06255388170759477,0.0441337112907897,0.06544295923753336,0.28207149487748845,0.41298407230027
18,0.41220466708730885,0.6166647471227341,0.20446008003542526,0.0023748015419533816,0.0036001664720337703,0.014219774514349836,0.021188481540082203,0.014031501189354433,0.02048018576519756,0.006813127689316884,0.009963252904121674,0.0444041749640892,0.06669888097788462,0.045663385766060265,0.06906607282836798,0.2846979014221849,0.42566770663504633
19,0.4242520977003747,0.6469035096642413,0.22265141196386656,0.002410654745081701,0.0037393417026130157,0.014919248341700093,0.022670092245925595,0.015271276497844368,0.022688091345813722,0.007417719482122017,0.011040314369217027,0.04664033555482143,0.07143177872696588,0.04752106034657871,0.07327775938187522,0.2900718027322264,0.44205613189183085
20,0.4426813143520625,0.6861590029843068,0.24347768863224428,0.002490610288170175,0.00393298786852005,0.01584701730531775,0.02448882414471019,0.01672275957975554,0.025265142253844974,0.008124370408357893,0.012296253892488623,0.04946218044584035,0.07710079958351156,0.05000767826808758,0.0784473205354617,0.3000266980565332,0.46462767470576966
21,0.4506428924800263,0.7154327020037509,0.26478980952372455,0.0026441339958616808,0.004225472242312742,0.015829836981524785,0.025304879932419266,0.015719660343545463,0.025115620339917148,0.007616860469640892,0.01219948752264293,0.04884394202177104,0.07895750501880924,0.05002429110593314,0.08095230710577983,0.30996416756174927,0.48867742984186974
22,0.4587069438184129,0.7445275617140428,0.28582061789562985,0.002834379376475512,0.004585306505125149,0.015661072144876706,0.025837138435472914,0.014160793604911055,0.02394048069323264,0.006833439428997115,0.01159207439370461,0.047657775281719265,0.07966735550658897,0.049721072781234714,0.08279318726891083,0.32183841120019857,0.5161120189110077
23,0.48629939479277823,0.8001488751550065,0.3138494803622283,0.002985310909420349,0.004937616026488958,0.016791922758074077,0.02797329861444561,0.015588206212339098,0.02618847965417131,0.0075240857979103366,0.012675095309812036,0.05106685771678998,0.08598406008442074,0.05298909952296979,0.08912399007036727,0.3393539118752746,0.5532663353953006
24,0.5118514486332368,0.8603837250348096,0.3485322764015728,0.003071994889919862,0.005240072646698483,0.017930678523445764,0.03046000676386082,0.017403578668303624,0.029457838673885347,0.008409355188680174,0.014264834611564383,0.054916432128468515,0.09390430889415177,0.056444990049727195,0.09662818572514341,0.35367441918469167,0.5904284777195054
25,0.541793363883389,0.9288257640705282,0.38703240018713925,0.0031748345081058196,0.005559399260740929,0.019245552326326857,0.033312233060168554,0.0194897942893301,0.03338272454470556,0.00942725374048164,0.016176807011659546,0.05937052238541673,0.10316946902661843,0.060461931762243765,0.10531430879639671,0.37062347487148406,0.6319108223702385
26,0.5786021208586574,1.0090706498176971,0.43046852895903975,0.003324861085709481,0.005940652541697291,0.02082141936715653,0.03663552159718033,0.021856552814854276,0.03793133827949813,0.010581793613843142,0.018393480802562336,0.0645312627309946,0.11389660756621617,0.06520166946601817,0.1154064219530026,0.3922845617800812,0.6808666270775402
27,0.625312730373098,1.1064506804186696,0.4811379500455716,0.00354328749106477,0.006425468675518519,0.02277342270456665,0.04062681246268997,0.024619801227854954,0.043273857162007844,0.011929278989857715,0.020997104562534716,0.07071117366836259,0.1265874917432799,0.07098512021163805,0.12744194170707368,0.42075064607975327,0.7410980041055648
28,0.6504795155300893,1.1794249157446657,0.5289454002145764,0.0038418594000428734,0.0070455410072124795,0.023088048227123494,0.042593269837969946,0.023402711728284693,0.04347698860332427,0.011313986649379503,0.021060938002102004,0.07112814694713192,0.1319952459985447,0.07244607455371116,0.1341545505735398,0.44525868802441565,0.7990983817219725
29,0.6776677096279657,1.2543402924460505,0.5766725828180848,0.004216802666341805,0.007809859525242762,0.0232240328359731,0.044114090231633964,0.02130717357077738,0.04180528938114313,0.010261781900695306,0.020192407973324562,0.07080647703367365,0.13558331975140786,0.07358564389231996,0.13993672852757547,0.47426579772818456,0.8648985970557227
30,0.7476948050940277,1.3959020064528869,0.6482072013588591,0.0045976405639366474,0.00866544224848276,0.02587368008773942,0.04927867165852657,0.024512681184390567,0.04730200144525731,0.011820380847942468,0.022854569116401952,0.07913984155927437,0.15154530440509972,0.08174302045767476,0.1560233568524588,0.5200075603930695,0.9602326607266597
31,0.8232575862400797,1.563112136290088,0.7398545500500082,0.004925014492328977,0.00952708363909402,0.028851047684804707,0.05572554715932956,0.028667943888402523,0.05539277559221783,0.013849192612354688,0.026795615356782848,0.08918772153255781,0.1724769232240577,0.09121776363337598,0.17628367920485577,0.5665589023962551,1.0669105121137503
32,0.9242737008599254,1.7762372880835269,0.8519635872236014,0.0053800916561124665,0.010592545046788594,0.03280229280651696,0.06400377594958376,0.034063017208622925,0.066029335576035,0.016482707769203145,0.031981795289945145,0.10238367259439095,0.19956508268744405,0.10373556459138149,0.20234932952681517,0.6294263542336975,1.2017154240069152
33,1.0430775962824739,2.02765975323606,0.9845821569535862,0.005949244672234453,0.011866873420664814,0.03745368433383928,0.07380696125047216,0.040280814797350406,0.078628586626863,0.019518737087651623,0.03812798439302982,0.11757241320249552,0.23141388201874005,0.11822522966638953,0.23300125927410137,0.7040774725225131,1.360814206252189
34,1.16904096326595,2.301997062451094,1.1329560991851442,0.0065813730158425345,0.013287318044076093,0.04242015128893963,0.08457079053128772,0.04686279053761708,0.0924654539724576,0.022734938544609236,0.04488203057701652,0.13345648744568647,0.26600965015809436,0.13341429809192162,0.2663033480354518,0.7835709243413334,1.53447847113271
35,1.2369218208966295,2.4981141324702283,1.2611923115735988,0.007276815424825606,0.014860608541747367,0.04365350307915925,0.09004627710686834,0.04505667778525735,0.09403700612852606,0.02181153481898629,0.04557705379712203,0.13631177648677242,0.28194629456746684,0.13837502563566487,0.2852052113352846,0.8444364876659638,1.686441680993213
36,1.2937828360897425,2.6727266123299236,1.378943776240181,0.008024183826394714,0.016583187475530108,0.044048539322793366,0.09369285134986388,0.04111864809135096,0.09074201911349423,0.019832230162618394,0.04386100369693193,0.1362155516386498,0.2912873849311746,0.14111689949540435,0.2993161461795754,0.903426783552531,1.8372440195833537
37,1.4083725572186947,2.9474096073946425,1.5390370501759478,0.008648384227119221,0.01826316338398868,0.04830819677189141,0.1034957949808317,0.04629415523702472,0.10102037367153506,0.022360795203828363,0.04885606750938548,0.14991207128529654,0.3221650346783886,0.154516499042374,0.3305439067694968,0.9783324554511604,2.0230652664010162
38,1.50869115891516,3.2280459047336225,1.7193547458184626,0.009034778019876327,0.019684739372007737,0.052314832634793126,0.11424854242703138,0.05233110938571827,0.11487643133949878,0.025327039595650577,0.05563426465678239,0.1640334463033894,0.35796500948181353,0.16757271763860201,0.365001102468554,1.0380772353371301,2.2006358149879346
39,1.6163370423103236,3.5297033858812394,1.9133663435709158,0.009437568177511572,0.02111247215916297,0.05665690874635049,0.12604176506932757,0.05899366677518715,0.1309075131073051,0.028603569053621325,0.06349071478346692,0.17938476167647632,0.3978832589563586,0.1816927859169776,0.4028897404118237,1.1015677819641991,2.3873779213937945
40,1.774788342962357,3.927576238480056,2.152787895517699,0.010147525444155123,0.023059377465416867,0.0628876809206633,0.141513069474334,0.06780818205975007,0.15156159515348405,0.03293274252892483,0.07361272117392592,0.20049703439843694,0.44963817373126774,0.20154242680841294,0.45224875806581993,1.1989727508020138,2.6359425434158075
41,1.9440382122739566,4.367955583315095,2.4239173710411386,0.01095913231439255,0.025276588466646634,0.0695576377064545,0.15868444817159416,0.07705263029099109,0.174333925402563,0.037476001116201266,0.08477954399364437,0.22256124665188162,0.506437618302232,0.22239579252002853,0.5065110600270956,1.304035771674007,2.9119323989513193
42,2.000534154602434,4.629830711486556,2.629296556884122,0.011719174432564533,0.02749181133977706,0.06982342755524167,0.16535544444342842,0.07285296539635847,0.17455936644099057,0.03536849196084583,0.08479056020221738,0.2220246564886411,0.5260431730059002,0.22490156987261148,0.5309284651117643,1.3638438688961712,3.120661890942478
43,2.0343137605464126,4.835813938330959,2.801500177784546,0.012517258695251778,0.02984043555079933,0.0686418412549127,0.16826491115290634,0.06531827687639764,0.1658963587172751,0.03160571629962401,0.08039318207423927,0.21641195718482614,0.5322522938840407,0.22340873115380094,0.5450027029238169,1.4164099790815996,3.314164054027881
44,2.1491781159673917,5.195150925794824,3.045972809827432,0.013128019773403969,0.03205627474128846,0.07284303171850937,0.18068140208765993,0.07074477837965215,0.1789504771350518,0.03428526857151583,0.08678489488799693,0.23069715610328143,0.5729807828701147,0.2371706604626539,0.5861352867217371,1.490309200958375,3.557561807350975
45,2.2441384845383805,5.559027161905362,3.314888677366982,0.013404155456961858,0.03382315425347286,0.07672045821384199,0.19443074052200585,0.07750062875244956,0.1977224955655552,0.037643570461428986,0.09604612273148826,0.2457355656554896,0.6213605733582028,0.2505236240291087,0.6320184014480226,1.5426104819690998,3.7836256740266148
46,2.3442945155904225,5.944396233325501,3.600101717735079,0.013675950829983357,0.03553059094048368,0.08083414878251997,0.2093025161015489,0.08484667968334969,0.21940278403036503,0.04130100384222588,0.10676839024860386,0.2619216881588397,0.6750540350605247,0.2647968423451924,0.6820597951747365,1.5969182019483112,4.016278121769239
47,2.477538727250272,6.4056201610663654,3.9280814338160934,0.014170028906073136,0.03763604639866281,0.08612024655950208,0.2270035386832685,0.0934654673341796,0.24493554640377585,0.04558978311730132,0.11940575103821915,0.28171609240810225,0.7385663639628681,0.2826990305892529,0.7414143818282364,1.6737780783358607,4.2966585327513345
48,2.6105991009391234,6.888139398518219,4.277540297579096,0.014722942398164554,0.03991348643827797,0.09138758579802064,0.24551001173377027,0.10187078768040604,0.2715312165198514,0.04978198939916098,0.13259128268149917,0.3009822973560298,0.8045650954573731,0.3002138591064023,0.8031425014673289,1.751639639200939,4.590885804220118
49,2.622621537869727,7.139453718150868,4.516832180281141,0.015321903999557806,0.04234723266147318,0.08957968862724797,0.25010754939932794,0.09452833398605968,0.26684564468417815,0.04612303955940732,0.13019339402931404,0.2939222061330104,0.8190065345106421,0.296884179772878,0.824341463246582,1.786262185791566,4.806611899619351
50,2.5882325644756428,7.269524786899788,4.681292222424145,0.01581656311818354,0.04464717754806832,0.08561893376885807,0.24840662604420768,0.08312366112184642,0.24928004389332004,0.0404388801805014,0.12138034960814889,0.27905989438934636,0.8104420867467642,0.2868283882522739,0.8264894538234272,1.7973462436446332,4.968879049235851
51,2.6348702419276915,7.566332907940353,4.931462666012662,0.016026148353275847,0.046532766687212034,0.08728318931755868,0.25783036969279394,0.08593380990833277,0.25901769118183,0.041875729547501746,0.1262396291126909,0.28597867271614696,0.8443350521448192,0.29305584405749435,0.8607470132666625,1.8247168480273812,5.171630385854344
52,2.677525095842207,7.895116298601348,5.217591202759141,0.015960185569704025,0.047959223818797456,0.08932813073247575,0.27008046040951195,0.09112637530259524,0.277641132606462,0.04451470764079341,0.13556603901222142,0.29596167411496316,0.8916563400103811,0.30095138634743346,0.9043633007943735,1.839682636134242,5.367849801949601
53,2.7095338805968137,8.212200261633445,5.502666381036631,0.01580316448960365,0.04908845909966121,0.09109109422019768,0.28248574722732067,0.09625278466546024,0.2984240997308729,0.047127027036555295,0.14599654721799252,0.3051398702726908,0.941027174750948,0.30786588752253835,0.9486070903327677,1.8462540523897675,5.546571143273881
54,2.7546586012118075,8.561712916675347,5.80705431546354,0.015768405225339746,0.05037444839845827,0.09331298480067526,0.2962251632622514,0.1016851894227709,0.3212448594499399,0.04989153042277475,0.15745391609336368,0.3153422429205906,0.9949209655276934,0.31595142462253045,0.9969646132901405,1.8627068237971256,5.744528950653501
55,2.8041095451495357,8.930563938323917,6.126454393174382,0.015827973167152957,0.05184366985702787,0.09566887123576223,0.3107210488927162,0.10692809089111079,0.3448060012091559,0.05256275618217612,0.16929295156121765,0.3252890011555638,1.0505663906589242,0.32402863824630357,1.0471443471092035,1.8838042142714662,5.956189529035672
56,2.7447203911245373,9.040996151871774,6.296275760747236,0.015989203861155106,0.05357288935812273,0.09165735711827874,0.3098786945614821,0.09742987178322744,0.332833918716678,0.04782166823521329,0.16328871735539205,0.3101858125030372,1.046197812065167,0.3125839874273794,1.0506600804685762,1.8690524901962458,6.084564039346356
57,2.666330224871339,9.067884156319277,6.401553931447937,0.016219306245470723,0.05553642692962988,0.08642114270870026,0.3036845513090546,0.08475504346692814,0.3075202975806771,0.04147278830544381,0.1505626935867255,0.29009470972594487,1.020418451374873,0.2973718973285184,1.0379206501303524,1.849995337090333,6.1922410854079635
58,2.673073811324356,9.307638967772242,6.634565156447886,0.016202654531223114,0.057103453200450856,0.08674601280239597,0.3108504573143111,0.08602520539818721,0.3145706558585689,0.04215783436966777,0.15414539189355986,0.29238762551041536,1.0474456414074143,0.2989723434377333,1.065379623472083,1.8505821352747334,6.358143744625854
59,2.655384490949551,9.525419589945379,6.870035098995828,0.015807830315750646,0.057809795300487826,0.08674400943664577,0.3192351079194906,0.08882194582134177,0.32960208799297763,0.04362880292779221,0.16179224035687753,0.2953086742246111,1.0833907394558724,0.29981250238165036,1.096907471188301,1.8252607258417592,6.476682147731372
60,2.6199726698708266,9.694887058344761,7.074914388473935,0.015286308221828386,0.0579830266923604,0.08620894907601383,0.3265909408157149,0.09123180052675732,0.345712722483517,0.04491221495098762,0.17001857153734432,0.2965438293874128,1.1175910942045242,0.2988171374429149,1.125051794663131,1.7869724302649117,6.551938907948169
61,2.564555172506341,9.794770304498387,7.230215131992046,0.014706115290906947,0.057751751979523244,0.08497127415209854,0.33172939889099584,0.09253827155598177,0.3596515029798332,0.045646324024192296,0.17718744776106354,0.2947810932717531,1.1439669981216576,0.29507392339312233,1.1451778073791092,1.736838170818286,6.579305397386205
62,2.510652154711339,9.880785702534864,7.370133547823524,0.014202927135573543,0.057533607163780864,0.08373374771534392,0.33638313945829806,0.09344226109709719,0.3726782028153004,0.046176575216935356,0.1839119185022934,0.2923574457022231,1.1677281531070867,0.29097174693405675,1.1629695742242647,1.6897674509101093,6.599581107263839
63,2.385647071322661,9.740276849595748,7.354629778273087,0.01387431103585825,0.05772773856519495,0.07807349888634113,0.3272958164785842,0.08334612027550062,0.3524805073422071,0.04112894491008657,0.1738238504739895,0.27144282708577716,1.1348807044575882,0.27293880112939467,1.137628323377485,1.624842567999703,6.5564399089007
64,2.27120779687799,9.586386229609909,7.315178432731919,0.013761579896897622,0.05859367323898532,0.07227031343974777,0.3152298610259164,0.07151115336087085,0.3213151859302202,0.035180099304900576,0.15813535760466962,0.24922234760189907,1.0878908356153212,0.2547052877993439,1.103684647915668,1.5745570154743302,6.541536668279129
65,2.238054670640858,9.68366036743911,7.445605696798252,0.01352638666893693,0.05930584389672603,0.07124212259359566,0.31738629778587624,0.07114646043540972,0.3230759483496504,0.03505064283233071,0.1591304109881986,0.24672706451606147,1.0986330223961611,0.2515865856849656,1.1146059918224043,1.5487754079095577,6.611522852200093
66,2.230355390427636,9.910055299359813,7.679699908932177,0.013236905933184577,0.060010923816369445,0.0714519107589462,0.32579195614261636,0.07373134861923028,0.33855317665645956,0.03641364023546543,0.16706479381010947,0.2501514407914465,1.136628713857861,0.2531641409636394,1.1475331152435517,1.5322060031257234,6.734472619832846
67,2.227972074232172,10.176268531621375,7.948296457389203,0.012954734115271605,0.0606842674330681,0.07188126429119396,0.3361278822446887,0.07673249273371648,0.3584576746464021,0.03798667083616477,0.17724715283441095,0.2545215472397592,1.1835214334365776,0.25554690186453694,1.187545011592851,1.518348463151529,6.872685109433378
68,2.2596530216998683,10.568732801481826,8.309079779781957,0.012901197633540945,0.06204423646533959,0.07342255625663378,0.3508657466067198,0.08082688915446933,0.38398736132609484,0.04010419470703075,0.19025476998410454,0.26251269276546474,1.2464545365718613,0.2616390559629763,1.2429122655052058,1.5282464352197525,7.092213885022499
69,2.3079507977251765,11.042957730214951,8.735006932489775,0.012996638459939184,0.06396045641403861,0.07549111971768743,0.36839734609526675,0.08525278538263589,0.41256644193998776,0.04238668603470096,0.20480069863063635,0.2718506500898221,1.3186300985751205,0.2692665578413995,1.3074828834282433,1.5507063601989917,7.367119805131658
70,2.26509089809887,11.201359812519312,8.936268914420442,0.013170165795358572,0.06623757006667476,0.07254542686382764,0.3681034630517435,0.0778847524380328,0.39885973802248875,0.038654079978463,0.19781117960569017,0.25980660660502547,1.3150378030071512,0.26036000104466783,1.3138166961633497,1.542669865373495,7.541493362602214
71,2.2189563338473124,11.305900688693807,9.086944354846494,0.013491072745774272,0.06916779184468325,0.06897883865791016,0.36292353844996317,0.06816546371054225,0.37005789967604336,0.03370721349140282,0.1830820919716237,0.24464780066144082,1.2888903092211006,0.2495483920368449,1.304851634529453,1.5404175525433972,7.726927423000941
72,2.2679069522731194,11.782029483110001,9.514122530836882,0.013722165224528186,0.07213942846703093,0.07060792676428441,0.37710483448848475,0.07078369394193385,0.3849499322097084,0.03506792246232362,0.19065364822868436,0.25186386296358637,1.3443939471693538,0.2560055504895584,1.3601465871097125,1.5698558304269046,8.052641105437027
73,2.376533447851756,12.58412395981654,10.207590511964785,0.014063858570165701,0.07594801083329356,0.07451300348355408,0.40417794139265095,0.07765239932948365,0.4232268800601771,0.03858670475731277,0.21009857753646163,0.26946549856352914,1.4553406377944456,0.2714131125411282,1.4633637653705553,1.6308388706065826,8.551968146828957
74,2.5029670855546513,13.527334756184406,11.024367670629754,0.014475470723589479,0.08019194938810974,0.0790387618041748,0.4365492538162702,0.08548555238843339,0.47068978958989516,0.04259752064880568,0.23422451060442745,0.289680363942188,1.5894241729317617,0.2891876844693427,1.5868612285735608,1.7025017315781172,9.12939385128038
75,2.6544476743806475,14.61787844068325,11.9634307663026,0.015069517102643894,0.08523358559117203,0.0843956129649496,0.4740244714201928,0.09418226144281498,0.5250814480870148,0.04704969409176452,0.2618870355455765,0.31257769270495567,1.743142715659138,0.30966705670389005,1.7287633780061613,1.7915058393696288,9.799745806373993
76,2.857160970709972,15.975024564703347,13.117863593993375,0.016007121245729363,0.09188504661842825,0.09143122674850071,0.5204068526038983,0.10469782650685508,0.5902158886681869,0.05242553615018326,0.29500866295849837,0.34120671283081744,1.9295230406526422,0.3358618803416825,1.9022927783901593,1.9155306668862033,10.645692294811532
77,2.9576141069434287,16.961866088799006,14.004251981855578,0.017261901627134712,0.10027887912354301,0.09224002948872578,0.5421575843072393,0.09904928751298292,0.5887300727908876,0.04947237762784025,0.29384184709262573,0.34140346322168874,2.0025546328980806,0.34109799701056215,1.9942131995321764,2.0170890504544943,11.440089873054452
78,3.051743274173769,17.902095377314694,14.850352103140924,0.018744455047610336,0.11016605109212614,0.0920207164275143,0.556799722373547,0.08970557511408678,0.5622474038434261,0.04459938269229721,0.27973962778469047,0.3365578439776966,2.0406842030237793,0.3432070785638845,2.064458274744405,2.1269082223506794,12.288000094452721
79,3.3527538390472658,19.83295320486375,16.480199365816482,0.02036948246264296,0.12172738141028366,0.10144137259431577,0.6153870125426664,0.10166716293406414,0.6265799185460675,0.050715820605402064,0.3123731523012378,0.3750138318447839,2.2714436736800927,0.3798450854929762,2.2920520855560875,2.3237010831130807,13.593389980827311
80,3.6714138613393215,22.089344731976396,18.417930870637075,0.02173032883973486,0.1332342792353523,0.1117273021705987,0.6873242777614587,0.11706209865111633,0.7215248774728698,0.05862494409963777,0.36084244435318025,0.4208649572082169,2.572875934335339,0.4217028206104272,2.576343932035362,2.51970140975959,15.037198986782835
81,4.056636636181647,24.76114466252627,20.704508026344623,0.023405724968910267,0.14635383987420514,0.12410752948910557,0.7730260061965972,0.13548175298547285,0.8386899607254665,0.0681032701526762,0.4208052578941352,0.47602176881052677,2.93845363069203,0.47210397866952436,2.9178156603529217,2.7574126111054307,16.726000306790915
82,4.531594836766965,27.976258091571324,23.44466325480436,0.025645741783994223,0.16243492159845418,0.13929324137158358,0.8759360099600613,0.15727883139081344,0.9788079199454061,0.07933932296509141,0.49266221712212765,0.5421326992750342,3.3766557042080323,0.5330239906776089,3.3272291568177725,3.0548810093028393,18.76253216191947
83,5.07193287798989,31.65948492559743,26.587552047607538,0.028350026758570415,0.18137913676070858,0.15651659592999537,0.9935196027651916,0.18144408356058037,1.137611562589831,0.09183143119464744,0.5743093765527365,0.6159457731326339,3.8753007664956365,0.6013668830578889,3.7936401986681254,3.3964780843555733,21.1037242817652
84,5.43048095195764,34.62378761826448,29.19330666630684,0.03179999150072024,0.20476440585170086,0.1626654280193521,1.062296300862361,0.17555989828928503,1.158427448459934,0.08860978240186246,0.5839507040161234,0.6348711664203648,4.130567410747139,0.6302270083610462,4.089400545427148,3.7067476769650094,23.394380802900073
85,5.888300557475361,38.05961717786448,32.17131662038912,0.03651276249564984,0.23559652996027475,0.16982293173451954,1.1314462934666318,0.1642006126642781,1.1350284682474667,0.08242072021624917,0.5700190876775845,0.6536350665389629,4.360177990371559,0.6641443624155072,4.3958677848618875,4.117564101410194,26.23148102327908
86,6.743688640640674,43.739985713110556,36.99629707246988,0.041210255486636364,0.2695549114007054,0.1953118180971177,1.2970574309799243,0.1954602654490014,1.3158100398905996,0.09858759690991381,0.6628041836787292,0.7619046349391687,5.043998513030791,0.7677373344767586,5.068334675888859,4.683476735282078,30.082425958240943
87,7.621916080419067,50.131211969318606,42.50929588889954,0.045204423865582655,0.30279410886898256,0.22206493439701536,1.4910029747944133,0.2330825354578016,1.5631365123171206,0.1181316231331722,0.7905079165168343,0.8843128766899897,5.889371355916053,0.8808601015016784,5.86917152344491,5.238259585373827,34.225227577460295
88,8.38321045676091,56.13584984737145,47.75263939061054,0.04952809528773518,0.3378604168900893,0.23181156836032246,1.6039840776975085,0.2298706689595912,1.614683245717986,0.11667123842781935,0.8178238954263437,0.9716817980016554,6.598430198011922,0.9897941454750252,6.684956549369483,5.79385294224876,38.47811146425812
89,9.234598672740734,62.669350657501056,53.434751984760325,0.056703828209753275,0.38804437607143655,0.24662714945295827,1.7341548853882125,0.22122432847284268,1.6151652174522442,0.11177025798174887,0.8157576976952493,1.0256704749719745,7.137051714390153,1.067374872045737,7.36122476288709,6.505227761605719,43.61795200361667
90,10.636335694521403,72.3955961790524,61.759260484531,0.06565513021135846,0.4516638899346255,0.26760011022655816,1.9005218859960018,0.2162211164720716,1.6188004999406203,0.1092417053853586,0.8173337117061261,1.16982848085062,8.145172366037224,1.2508690622197602,8.605706262770909,7.556920089155675,50.8563975626669
91,11.873972517302315,82.09232188324644,70.21834936594412,0.07513966957860699,0.5238657676811544,0.2919414831351835,2.097654296734632,0.21594216778721187,1.6426184960066248,0.10864667877197906,0.8266209994999822,1.255723108942424,8.9370123837056,1.3655068662549068,9.602272763978903,8.561072542832003,58.46227717563955
92,13.070697929368706,91.88840494065892,78.81770701129021,0.0845036468039219,0.5989700612643921,0.3175236907456369,2.3099726653518777,0.21943609084699364,1.6851089582360976,0.10997708246408625,0.8449688115091767,1.3249064304288303,9.642117710252402,1.4609497021086448,10.504952640506092,9.553401285970592,66.30231409353888
93,15.379212643063,108.19200821089342,92.81279556783042,0.09514700476816418,0.684797382850188,0.3817552856392568,2.753703103157461,0.2988778857534594,2.167334527282758,0.15177923131406498,1.0965099728478713,1.6309531594134214,11.652940249641306,1.74643864773665,12.46480457977107,11.074261428437982,77.37191839534277
94,17.698934371559172,125.98932047635078,108.29038610479161,0.10441026246648258,0.7676191700679433,0.4472580912487665,3.2519645070748444,0.3878027287913882,2.7780273213236013,0.19869274314590477,1.4165072681517394,1.9641151028258257,14.048327647367772,2.048448828744275,14.717435882626663,12.548206614336529,89.00943867973822
95,20.574176474763064,147.1511742840987,126.57699780933562,0.11686733018737311,0.865940376331615,0.5300196154945527,3.8545054465850774,0.4988761463091178,3.534196676678422,0.2574006809508746,1.8135780762135247,2.3713571306898347,16.93785359423467,2.420513847868909,17.421146983308425,14.3791417232624,102.72395313074695
96,24.159040317928817,172.8920586213711,148.73301830344226,0.13393628298144808,0.990865043007341,0.634806857245922,4.59760123921684,0.6359611614401695,4.461140930545446,0.33000389177864053,2.3011132646847177,2.8659894606917558,20.420632925675413,2.877663981664297,20.69374919332849,16.680678682126583,119.42695602491284
97,28.733853738312778,204.9454866616942,176.21163292338142,0.157238560992748,1.1539514851402106,0.7697745479341764,5.5322785992035834,0.8084824772813215,5.609737246716521,0.42151008442786686,2.9058466784825443,3.482213725056038,24.689986872489317,3.4530820409467182,24.73292880117041,19.641552301673908,140.3207569784916
98,31.84058915166793,230.30919344194575,198.46860429027782,0.18310185889756764,1.337734619658775,0.8417405727961703,6.163322189490624,0.825502560362681,5.983217459476443,0.4285101114070952,3.091846445625131,3.7001316133317137,26.976313308490667,3.731083409559978,27.314264266701752,22.130519025312726,159.44249515250237
99,35.15666966006141,256.1745178008669,221.01784814080548,0.2143303664172361,1.5553185356690913,0.9115482904799859,6.749999966115238,0.8069315821840938,6.073455944317509,0.4156136058436009,3.122125582092945,3.8674804046754434,28.743840253109866,3.991980714001961,29.63113655686542,24.948784696459086,180.29864096269682
100,41.13919299220214,297.4835625137174,256.34436952151526,0.24713209919901966,1.7981431484397845,1.084169021324648,7.911461958641809,1.0127360172819668,7.293477700404218,0.5247143652933347,3.7608077465922696,4.628507864250341,33.65047017066143,4.7199184058318195,34.50573056870822,28.922015219021006,208.56347122026966
101,47.214003423985744,342.7203785041535,295.50637508016774,0.2755017045815165,2.032939957619056,1.2610126088163018,9.215651378131277,1.2488225691447528,8.847239135762436,0.6504107865425159,4.578876429645275,5.472183895052613,39.52554327456239,5.500934805174434,40.14139571447393,32.80513705467361,238.3787326139591
102,53.12285429663709,387.37644797836185,334.25359368172474,0.30235703769754846,2.2544004827663855,1.4359315474763272,10.522152546660518,1.4904550769583307,10.468165798947116,0.7795237273168857,5.433968658889731,6.310358116856198,45.49652190198875,6.269536240629481,45.80741334289065,36.534692549702314,267.39382524621874
103,60.55619029341858,439.77973303240174,379.22354273898316,0.338495204250814,2.5183016971125767,1.6567380239853753,12.061116064251461,1.7861989443432607,12.355739753218,0.9377498665093041,6.42928280760278,7.336838175977539,52.435584768411516,7.22002355517076,52.42087200653218,41.28014652318153,301.55883593527324
104,69.34444729047173,500.0422117607311,430.69776447025936,0.3834334148371138,2.830456025902386,1.918766179810834,13.835373446709955,2.128894550665327,14.482174187358915,1.1213586643764553,7.549179993153317,8.52536141339368,60.27943091252767,8.328791029547698,59.953795385982154,46.937842037840625,341.11180180909673
105,74.72051596792441,543.3997460008314,468.679230032907,0.4328628997302225,3.168521590674175,2.0276102617162572,14.837784225345017,2.0956708902256795,14.80585900492664,1.0987963534605951,7.693896070974407,8.816784652440221,63.615476925671246,8.766347270114604,64.07235996117006,51.48244364023684,375.2058482220699
106,80.03097540093381,583.4669354002319,503.4359599992981,0.48984327105764014,3.544000575022305,2.11595167500631,15.609375763138793,1.972655497994029,14.434205413807934,1.0263078683925204,7.460381613196651,8.953078870227177,65.43861979717096,9.115113165818077,67.16431283963483,56.358025052438066,409.8160393982605
107,90.00652725356929,647.0123989700783,557.005871716509,0.5444383643568158,3.9260638382894935,2.3986643626159396,17.332968403475537,2.3088712269657226,16.04958894619685,1.207055877818064,8.301305345527043,10.222300883547213,72.51083032334155,10.330217914538599,74.44529237946105,62.994978623726944,454.44634973378675
108,99.17415520540891,710.3107680209722,611.1366128155632,0.5842277590993593,4.246720464100086,2.663930841935195,19.12126776649241,2.6822244450311983,18.07327516552953,1.4095041244366002,9.365870540865467,11.543689077077998,80.48645934451298,11.537332397846221,82.2623226042115,68.75324655998233,496.7548521352602
109,108.08817249766538,769.9465499414727,661.8583774438073,0.6211613262706293,4.5255535971778516,2.9240250763788236,20.82563958871225,3.0612818124533936,20.099080006978255,1.6162388261766365,10.43389625593376,12.862104031168776,88.29527703724415,12.729687946717245,89.82254252779371,74.27367347849987,535.9445609276327
110,117.20941334074611,827.0110119583845,709.8015986176384,0.6612043208239873,4.789062560869485,3.191949121048398,22.461420422959623,3.4459250677889632,22.031546635070903,1.827165955743089,11.452362474408986,14.19456314603357,95.76297798184976,13.938857634253456,97.07577435851866,79.94974809505464,573.4378675247071
111,126.04590255645704,879.0373685305872,752.9914659741302,0.7025150461270758,5.03309629679379,3.4534648827440972,23.954757980894342,3.814804864871591,23.74403890319403,2.030777271662407,12.353435603609128,15.467154900712226,102.4623317981333,15.098265851449524,103.64952519891247,85.47891973889011,607.8401827490501
112,130.85212832516913,909.6554763026747,778.8033479775056,0.7597553000436015,5.327163836723417,3.5092004863081687,24.411289605007006,3.6287968967115924,23.151019019050423,1.924552262498362,12.012031334450691,15.457960939092676,103.10983796554228,15.342236769930183,105.6088994526631,90.22962567058454,636.0352350892377
113,134.4413373791888,928.8936210641441,794.4522836849553,0.8197558444873745,5.619160775858264,3.51031494231968,24.398638823913146,3.30321164921936,21.638606904716724,1.7400469690790783,11.176779274032175,15.117071831918537,101.15349867672353,15.340016523671178,105.46789170304632,94.6109196184936,659.439044905854
114,141.3006029718248,959.6753895955328,818.374786623708,0.8725589812789389,5.884658734958528,3.4979438037858035,24.20658157387666,2.986707587758416,19.9022989770341,1.567790815972105,10.2493911385988,15.624845243797635,101.97778417238538,16.319264093613146,108.99121228356238,100.43149244561876,688.463462715117
115,145.72330324761103,980.2950133493476,834.5717101017366,0.8975918978709736,6.030956365419737,3.425589363350918,23.698217758617467,2.6895769289044478,18.11973246530429,1.4097743286158342,9.31338412875446,16.02981971554421,102.539002472486,17.14254594423995,112.16258203458054,104.12840506908469,708.4311381241852
116,148.5195945268306,990.5836107912622,842.0640162644316,0.9065190777787117,6.079196771137484,3.3340129481924565,23.006471969176168,2.4390711272180927,16.454285598688966,1.2789445986604235,8.448749664141133,16.301872556610217,102.40060004573988,17.770564644699054,114.31707090487231,106.48860957367164,719.8772358375063
117,150.88886744052897,995.0164474255396,844.1275799850106,0.9102004216311914,6.0706189480275405,3.2545916703086357,22.27949548324589,2.24555819948704,15.001052618887808,1.179812895476215,7.701406483576415,16.53230899280151,101.81074633289336,18.30984806683745,115.70322759198682,108.45654719398692,726.4498999669217
118,153.55783519803532,997.2248360782535,843.6670008802182,0.9148933977334466,6.036558408681694,3.2018946324471385,21.6096075697528,2.107040376947565,13.791174385044002,1.1106449487923804,7.084940378276574,16.789300286325087,101.04085998483075,18.84254632975243,116.64009687808935,110.59151522603727,731.0215984735783
119,150.98871152801507,976.1621367091408,825.1734251811257,0.9104242734060413,5.942140730743752,3.136438085917839,20.862162439781315,1.9909743806017073,12.726232879061456,1.047298030071718,6.525167653887292,16.021861133215417,96.42747626629698,18.14927577490137,112.63316239982677,109.732439849901,721.0457943395432
120,146.4943080370074,942.4657355263113,795.9714274893039,0.898808237741177,5.794713010528258,3.0604550557636703,20.04012989253099,1.8909702120617196,11.776072571693074,0.9913655836048363,6.020317540434931,14.977542819887708,90.21517563576988,17.10203960011404,106.43874073191165,107.57312652783422,702.1805861434425
121,142.8359772134029,908.3517349029948,765.515757689592,0.8702248493270692,5.569926848096399,2.938507329559347,19.044542753861396,1.7810386735831818,10.861686449270495,0.9362387436095705,5.553601997363152,14.520465103066877,85.60907287471473,16.701330782089123,101.98433227560332,105.08817173216775,679.7285717040854
122,140.34580860664653,878.1013807918515,737.755572185205,0.8415338387105621,5.334442833600981,2.8238813500344873,18.077952515600337,1.6875616970248508,10.060440386638202,0.8913167681878786,5.153180089600793,14.346794949945636,82.13397417438085,16.59796444998595,98.70849556495682,103.15675555275716,658.6328952270735
123,137.0447886138178,844.623445383495,707.5786567696772,0.8081291961051837,5.072160487648215,2.6989726290304024,17.07234444535014,1.5966178151436135,9.315862405916178,0.8475137821859999,4.783837993627914,14.118980310641064,78.702453871947,16.407446093339487,95.29783629735991,100.56712878737204,634.3789498816457
124,133.26687592090494,808.3004933479838,675.0336174270789,0.7742273419834832,4.796929693802589,2.575980409116219,16.060959280554975,1.5125462547682227,8.626848712995361,0.8067371320773424,4.4424570152965375,13.829670326233627,75.14485535361642,16.129022353213703,91.57592252579929,97.63869210351234,607.6525207659186
125,129.57701191946833,771.369130206764,641.7921182872957,0.7434880014308665,4.526383737117185,2.4658566493364202,15.092316667387784,1.439849393330755,8.003859585093501,0.7713610733478181,4.133476560236424,13.527609418750199,71.57394195937921,15.824310676864393,87.71122256363404,94.80453670640787,580.3279291339159
126,122.97585241523657,724.7243420104638,601.7484895952273,0.7136326428133702,4.258703143471319,2.3604231902506747,14.153355291046463,1.3726141246271126,7.429491342721654,0.7336322193471922,3.834364451447562,12.559128612870154,66.11757695655679,14.734547854286026,81.41273710043657,90.50187377104204,547.5181137247835
127,115.76046233652772,675.0343310146686,559.2738686781408,0.6841782219041639,3.9952212278007324,2.2576880290415655,13.243305703427183,1.308917555690515,6.895211113569017,0.6966129648108095,3.5505429047286947,11.465847828871714,60.14094945063301,13.491076144470206,74.37963759587332,85.85614159173875,512.8294630186367
128,111.93707684928825,635.9437596247998,524.0066827755115,0.6516976117740714,3.732431132266455,2.248485776635644,12.690384122749585,1.441732214511775,6.961485928977487,0.774668370448578,3.5932762436960015,11.345412805041503,56.844729864501026,13.004494977246376,69.5166036183391,82.47058509363029,482.60484871427013
129,107.68920520484127,598.0278878911373,490.338682686296,0.6121150904707464,3.4587591603883787,2.223478124469044,12.176455157288174,1.5756291408520289,7.137053822873515,0.853942791815496,3.6956051763051514,11.292551380441273,54.22888211822196,12.572143222035841,65.2328009126518,78.55934545475684,452.09833154340834
130,103.43620667118579,560.8005531958476,457.36434652466176,0.5744916703220321,3.191129073838695,2.191771250685002,11.65631323907181,1.6924308572065159,7.287731818933075,0.9233289349926873,3.7837651511215045,11.211896178278218,51.77199014378101,12.159111032289493,61.20837545566936,74.68317674741184,421.9012483134321
131,99.69109317174666,525.5153408670155,425.82424769526887,0.5435217879638568,2.9444960659104926,2.165921658771336,11.148067033792604,1.7965262490094258,7.389539484721803,0.985129242528773,3.844138553384309,11.124358423311891,49.40032208611863,11.7986822380735,57.45523122340683,71.27695357208788,393.3335464196809
132,96.17555116313328,491.6753952861199,395.49984412298664,0.5176785260988995,2.7187362070909127,2.1395955473705346,10.637784424741465,1.8808126038833164,7.418617604258917,1.035424341717139,3.8641586668553183,10.99242454334517,46.993250065130525,11.449373931181416,53.86346197470999,68.1602416695368,366.1793863433328
133,90.03926966782907,452.39481827329394,362.35554860546483,0.49653892904950925,2.514917559372791,2.01590977810993,9.87513405284566,1.7374127522536442,6.928726218337063,0.952854587126998,3.603311438629089,10.094395285563671,42.921147095190754,10.550583995839109,49.072862865245845,64.19157433988622,337.47871904367275
134,83.83933993363979,413.40232007950846,329.56298014586866,0.47969297725381793,2.3332248389212107,1.8777630291506286,9.055090634926714,1.5410386804470706,6.252385547407366,0.8391497409748352,3.24151840086156,9.080190064883498,38.464896940405175,9.59954116765315,44.138883410535904,60.42196427327679,309.91632030645053
135,80.83960966942053,383.60279585161027,302.76318618218977,0.4631145002808972,2.1698170159531283,1.8398510063710432,8.502736066598178,1.5585730446053807,5.977493119385974,0.8503508982530262,3.09579619144269,8.831745815268068,35.672291895776354,9.258748580129167,40.74282519996562,58.037225824512944,287.44183636248835
136,77.80580191589806,356.74948865710644,278.94368674120835,0.4405682807148119,2.009246860304488,1.7998549688367764,8.020166878913084,1.597930994136258,5.810824359955078,0.8748498945287965,3.008944050917748,8.673303884678178,33.44669010299603,8.978360255455284,37.899681070258985,55.44093363754795,266.55393533376105
137,74.37839972409348,330.6257755618806,256.2473758377871,0.41528555416435964,1.849464479764673,1.746265352323534,7.5388204265950485,1.6206395979606265,5.640234872266988,0.8901433209759215,2.920760987949344,8.465072954301213,31.34903646843136,8.657331868330534,35.21990084401959,52.583661076037295,246.10755748285357
138,71.20746340273098,306.15676455855396,234.94930115582298,0.39260127961214786,1.6999232667612512,1.6952644540745803,7.077320037079992,1.6359422468678757,5.461006266630548,0.9011095107791851,2.8280598711370866,8.257442829306827,29.378883458864014,8.355219385236886,32.73335492330156,49.96988369685347,226.9782167347795
139,69.14319069297915,285.283203149205,216.14001245622586,0.3774448971614123,1.5726624371915008,1.6685169477371207,6.683644576589205,1.6660246793600382,5.309284817552723,0.9200423352086338,2.7493161696396777,8.15028116505973,27.697730434183672,8.170386706019285,30.61961451353168,48.190493962432924,210.65095020051655
140,64.65659458398308,261.04043093824265,196.38383635425959,0.36199527639998785,1.4527733981753008,1.5527527348467292,6.127087345838708,1.5002969863005922,4.832307677512782,0.8253668859543704,2.497680656549546,7.452734415385073,25.10446342834054,7.533906253427156,27.803728239737,45.42954203166917,193.22239019208877
141,59.87809039215932,236.8054701091048,176.92737971694547,0.34769243474239614,1.3416240436811722,1.422049693747181,5.536090553225728,1.2945141580416704,4.254672311543401,0.7073617355839281,2.1927862287314146,6.657516189831428,22.317820772490894,6.830870620850172,24.885767859577662,42.61808555936255,176.2767083398545
142,55.2403259919174,213.96251199991832,158.7221860080009,0.33205905946974323,1.237612102729928,1.2944336241112997,4.966187207350259,1.1014225893000749,3.682777556458501,0.597061371712776,1.8914343318155145,5.908189295745904,19.65823461562733,6.163387692447985,22.12600595120915,39.843772359129616,160.40026023472763
143,52.76226773677341,196.54476772278426,143.78249998601086,0.31539256469202237,1.1416042810783589,1.2423290761018682,4.5747273298118944,1.07949234941425,3.397568153335359,0.5863612185832432,1.742747613614004,5.689307712218482,17.984826444514738,5.90622187990447,20.2436407220207,37.94316293585908,147.4596531784092
144,50.22723163931917,180.9290434254858,130.70181178616662,0.29454909966749904,1.0461710732398275,1.191505802238729,4.238761261529052,1.0796670076318997,3.206314403157906,0.588875559624495,1.6445234388536463,5.530976203414253,16.663815883439867,5.682628333834608,18.676133100873837,35.85902963290769,135.45332426439165
145,47.43461147551592,165.9174875475574,118.48287607204149,0.2723599936648271,0.9514739854107155,1.1337390819506878,3.91660218011507,1.0712093370385338,3.034414727996469,0.5866722051234365,1.5570494188506965,5.340060924007536,15.447263690550606,5.428787010814808,17.210935195070316,33.601782922916094,123.79974834956356
146,45.06798901686865,152.3945628733767,107.32657385650806,0.2537975991805921,0.8653377592117715,1.0854243183610142,3.6257068433868183,1.0655377856672197,2.8818066405535054,0.5858821199604649,1.4797542174089195,5.17914519739635,14.366007573476832,5.214041466420278,15.9036035647071,31.684160529882732,113.27234627463176
147,41.82666134753879,138.35980326342815,96.53314191588936,0.2393935872773802,0.7898170696429946,0.9979531908771497,3.282091509802512,0.9516202458216163,2.588505544197086,0.5218231704753498,1.3277498224522597,4.71618713033265,12.939887444860716,4.785647368799989,14.359616374220419,29.614036653954653,103.07213549825215
148,38.45360005337217,124.67033842601283,86.21673837264066,0.22639206687470464,0.7209656758211453,0.9043322992861439,2.933513851560501,0.8161459679645546,2.2566277874893323,0.44503843217990513,1.155204446170168,4.198054134336046,11.45262275550457,4.3202871054134855,12.796556741408873,27.543350047317325,93.35484716805824
149,36.181318304607714,113.33289432239617,77.15157601778846,0.21227176101154632,0.65606291733323,0.8531782222953881,2.6680522002262363,0.7805738010862985,2.057450567327168,0.42658036987412895,1.0529106365255623,3.973205883245848,10.397678317126458,4.076043187505086,11.61507162019706,25.85946507958942,84.88566806366046
150,34.16418300615242,103.4335240360263,69.26934102987389,0.197360654007435,0.595435888727638,0.810933993237676,2.4457178167212925,0.7671251240052356,1.9161465842655987,0.4209144889466655,0.9811203078087952,3.819405112804141,9.558192666075055,3.885633084635234,10.636899074464424,24.262810548516033,77.3000116979635
151,32.277869540990196,94.50574874209592,62.22787920110572,0.18316704903752867,0.5394118337645362,0.771821378552298,2.2481049900170333,0.7561816382975488,1.7985863561499666,0.4165726098404856,0.9217271297501999,3.680003661212921,8.828651218372839,3.710368832568302,9.773780909286799,22.759754371481115,70.39548630475454
152,30.507208025028696,86.3410762712326,55.8338682462039,0.170376718827789,0.4882261230384386,0.7349819790821976,2.0675241482692965,0.7430124811843865,1.6905677035570261,0.41080720618809774,0.8672012543211765,3.5407585782125692,8.162665524893423,3.5411555890244775,8.98641447859173,21.36611547250918,64.0784770385615
153,28.911784213443298,78.93954460976384,50.027760396320545,0.1594281592031515,0.4423797650826768,0.7018125979510205,1.9031684125176045,0.728670269917848,1.5890038847960555,0.40419681926510254,0.8158769653318714,3.407185994850026,7.550987229510108,3.3840103810385918,8.268343615622191,20.126479991217558,58.369784736903334
154,26.57793829198075,71.11417711347359,44.53623882149284,0.1496917693259375,0.40106604201688334,0.6393571939973797,1.7086326371225353,0.641868586540236,1.412667912974435,0.3550052655905131,0.7248018718542824,3.0677789837137914,6.751301309226509,3.0741888773383597,7.413498900014821,18.65004761547453,52.70220844026412
155,24.19073674876883,63.552776200943924,39.3620394521751,0.1407333626592214,0.3635897325992182,0.5735415166206778,1.5139462799148442,0.5430247344704212,1.2191379639072446,0.29859728729681834,0.6244490369534159,2.6997036956185205,5.92888486708227,2.745803388951771,6.556777690709978,17.189332763151402,47.345990629776956
156,22.646362827900187,57.43603216448395,34.789669336583756,0.13181047953491987,0.329573814887712,0.5380946393137109,1.3678689047402544,0.512177318999983,1.0993141497295342,0.28202524339308926,0.5629591626046077,2.5328029230647022,5.3449813194487374,2.572983495250564,5.9153798974418725,16.07646872834322,42.81595491563123
157,21.282147147178403,52.15122971416351,30.86908256698511,0.12237239985304554,0.2982222727814262,0.5087210401548059,1.246474030758754,0.49673004089285433,1.0123967454375853,0.27441128071691645,0.5187433586376531,2.4141460308861378,4.8795848669733095,2.4367661930878963,5.386415963247185,15.029000161586746,38.8093924763276
158,20.08589134630406,47.52385493445395,27.43796358814989,0.11371076726345637,0.26994748190573326,0.48338800862116504,1.1418932277435687,0.48592191751825864,0.9425233307827015,0.26936758810188877,0.48338016473187584,2.31683608306128,4.487378183577723,2.3211940782075065,4.933227234848635,14.095472903530503,35.26550531086371
159,19.056409805864053,43.44916901836945,24.3927592125054,0.10632287356405945,0.2448556501246801,0.4617867555906974,1.0502218013631426,0.4768919287391474,0.8824328602699687,0.26521645722182924,0.45302668524189327,2.2329045803726286,4.145672006099,2.2215710266579087,4.5366277614061445,13.291716183717782,32.13633225386462
160,18.145080048917215,39.81086833468217,21.665788285764954,0.10005675152053821,0.22260202530928913,0.4427107580050101,0.9681905408077585,0.46787703376524803,0.8278239739505706,0.26096427769932673,0.42542988844445523,2.15502773196832,3.838334400823685,2.1312659823250404,4.181189576469546,12.587177513633733,29.34729792887687
161,16.8417095636212,36.05774819849055,19.21603863486935,0.0950826117853188,0.20325673160414204,0.40655000117125917,0.8727203273639712,0.41337569975721816,0.7360914981558693,0.22976460987197983,0.37800746887731174,1.9536797012823601,3.443576574553745,1.9520020336054336,3.765413018461768,11.791254906147632,26.65868257947374
162,15.646342630506735,32.60720898529341,16.960866354786674,0.09156859096653597,0.18692052322521205,0.37135600601576324,0.7807569398867252,0.3532077576415297,0.6378140088504654,0.1949929763924923,0.3269375885767274,1.7473956555803956,3.0502874731242353,1.7755515006201976,3.3639088705069415,11.112270143289821,24.2605835811231
163,15.018709960969154,29.94315623978809,14.924446278818937,0.0878466700513164,0.17224172639019078,0.3571818235523976,0.7161335222322534,0.3416000558134592,0.5825320214518224,0.18884367398234125,0.29856376354645225,1.681624764998356,2.79133198699101,1.7065668247495513,3.0822070283541807,10.655046147821732,22.300146190822183
164,14.41104474658555,27.60842863527701,13.197383888691462,0.08312843711091383,0.15821457244836482,0.34471613808095697,0.6623423669626718,0.33846569842304103,0.5439406664129195,0.1877211947006837,0.27898334237194455,1.6378549684423955,2.5872169689008535,1.6511670148191704,2.8500402587606875,10.167991295008388,20.52769045941957
165,13.815104987379218,25.47814590381844,11.663040916439222,0.07836100414040226,0.14496681610699913,0.3325857046609595,0.6142137171383711,0.3361936181207249,0.5121669827668545,0.18708892356596427,0.2629606406903383,1.5970319745412054,2.409348349417599,1.598060164745621,2.6436913572170035,9.685783597604342,18.890798040481275
166,13.343707638942046,23.602744470761394,10.259036831819348,0.07451704362713937,0.13316075613790845,0.32338683838978377,0.5721961493968437,0.3358337683536382,0.4854056378160211,0.18748234881141768,0.24950877887471506,1.5673421721842795,2.255527334846083,1.5574606931450625,2.463807913066537,9.297684774430724,17.443137900623285
167,12.992572400766235,21.964269488427398,8.971697087661163,0.07165863472021464,0.12287273105073084,0.3170073542330317,0.5355914464228524,0.33690959699459005,0.46216921097241903,0.18862809665752414,0.23784060204610483,1.5471515641288236,2.1211711161359537,1.5282021248881361,2.3066415833930174,9.003015029143915,16.17798279840632
168,12.264881751718141,20.154462603982047,7.889580852263906,0.06936431544719915,0.11373430345373929,0.2957621340013602,0.4885930181305663,0.3014169102063903,0.4149872370398394,0.1680996961719096,0.21339722750634624,1.4237830917638423,1.9256300926021102,1.4220696558372325,2.1031767725500763,8.584385948290207,14.89494395269937
169,11.544617162934575,18.419040349986073,6.874423187051498,0.06776236724976391,0.10578145681778894,0.2734675740028353,0.4412511182448947,0.2598967561237723,0.36213348417965174,0.14389773622230093,0.18586825086897135,1.2882170237220854,1.7216433226651875,1.309520338117163,1.89761897602537,8.201855367496655,13.704743741184208
170,11.06792270887673,16.973811705089034,5.905888996212305,0.06587950814757804,0.09850011822716365,0.2520081519759866,0.3966970739520534,0.22171359915740096,0.3115150379908918,0.12208375044285925,0.15972894815646096,1.2131294704675268,1.563231583768793,1.263393755187992,1.7477724413776499,7.929714473497385,12.69636650161602
171,10.600242286586747,15.67524372575472,5.075001439167973,0.0632270507199081,0.091458301958657,0.23120011230284482,0.35555501774173925,0.18900964180108054,0.266095193201122,0.10364406448659938,0.13638822187026106,1.1526535283522974,1.429167002741914,1.2273858682745042,1.6229095678443501,7.6331220206495125,11.773670420396677
172,10.129721170528487,14.480663506948064,4.3509423364195765,0.06017375799142327,0.08464653233587319,0.21213089945937189,0.3183557993194015,0.16231577528620122,0.22689372872933122,0.08875810634079823,0.11631342969936712,1.0970457545085432,1.3108279880297962,1.1904894857792012,1.5111786867109855,7.318807391162948,10.91244734212331
173,9.71614372210015,13.411870291242588,3.6957265691424386,0.057292904022592475,0.07833667268460892,0.19609070523100472,0.2858433297143221,0.14154562006057633,0.19413880841144995,0.0772934817580628,0.09959137961874437,1.0494223892715313,1.2073808893260844,1.1573002800960523,1.4117791394604047,7.0371983416603285,10.134800072026973
174,9.306070704994397,12.420207433218224,3.1141367282238264,0.05440148439697805,0.07235317825916593,0.1819349193994713,0.25707671252533876,0.12507368370816113,0.16684732717114106,0.06829608277293264,0.08569518459387288,1.0028436664544764,1.11310002967338,1.1208257203387262,1.3182744290613928,6.752695147923651,9.406860571933931
175,8.744427499044681,11.39544470276057,2.651017203715888,0.051700212393105766,0.0667835693029289,0.169799266128945,0.23186638888377806,0.11215324256122797,0.14430753507932356,0.061003567589787554,0.07408048331888606,0.9176830557379594,1.0041571514152683,1.0358311605067958,1.2015843142499694,6.39625699412686,8.672665260510415
176,8.20394121790852,10.429317954643174,2.2253767367346544,0.04933225947834585,0.061715239090263434,0.15975165693065518,0.2100464228750177,0.10217142630864123,0.12584271412097725,0.0553038577381304,0.06451044967035541,0.8314740144677455,0.89771079169912,0.9466920193124189,1.0840863195963943,6.059215983672583,7.985406017591047
177,7.963023943536874,9.701906277555311,1.7388823340184372,0.04702602945219941,0.05704880135749947,0.15814948457249994,0.19637916989666285,0.1092128215326429,0.1198762470563138,0.05973709987307475,0.06161780518785243,0.8219094824815077,0.8364215660357168,0.9174098410911984,1.0048582001469488,5.849579184533751,7.425704487874317
178,7.819576033058523,9.116331749123724,1.296755716065201,0.04486774021675234,0.052830214979825214,0.1585811922152325,0.1866327717630909,0.11970826812047206,0.11892057065276929,0.0661733154390263,0.06137699349614231,0.8332698920479195,0.796833367216188,0.9069600891073708,0.9461075126119688,5.6900155359117495,6.953630318403739
179,7.692973060295945,8.587759776703322,0.8947867164073768,0.042955743315676094,0.04892462327207753,0.1592002671087625,0.17819227959852185,0.12982077408265075,0.1191109780830325,0.07236594416301396,0.06172162347256302,0.8456420371091542,0.7642678921122941,0.8997370536286399,0.8952443238298468,5.543251240888048,6.520298056334987
180,7.623603456992902,8.117488534143732,0.4938850771508294,0.04165746675253344,0.04547589533763653,0.16097885598204942,0.17084394325625438,0.14000919267878928,0.11960466005124609,0.07857275398539908,0.06219791988409196,0.8610695344591976,0.7361102244533211,0.898701709012834,0.8507753161630551,5.442613944122099,6.132480574998127
181,7.642935926542815,7.7181815531356825,0.07524562659286715,0.041135822693909134,0.04259392193673748,0.16465884292919095,0.16480934964984847,0.15102584883259007,0.12038454592881975,0.08522730910862698,0.06279609311237302,0.883083143224306,0.7126220440218316,0.9071697216636607,0.8133728951191883,5.410635238090531,5.801602703366884
182,7.417385473990705,7.229393780499196,-0.1879916934915089,0.041023451187117296,0.040106507141153214,0.1600595886744567,0.15476044759135923,0.14236174790411352,0.11275592123627524,0.08000083632115702,0.05880003257434183,0.8353317605081114,0.661665821066533,0.8645067594888833,0.755232173583157,5.294101329906866,5.446072877306376
183,7.2119784068530075,6.757707648487209,-0.4542707583657988,0.04155155649654331,0.03809763714101316,0.15499138845079552,0.1441832294416528,0.12953422519306748,0.10238491882167393,0.07217776890141638,0.05328079962170698,0.7787462786349523,0.6047762619692485,0.8187185406744215,0.694764450159095,5.216258648501811,5.120220351332819
184,7.33864326069891,6.458998505824765,-0.8796447548741444,0.042158511302272855,0.036431519504861856,0.16006981845960372,0.13888226007166193,0.13851120676518008,0.10002589164279188,0.0774915891610208,0.05210017472439603,0.8017340800153677,0.5788355965185237,0.8355311956835612,0.6623407892529727,5.283146859311904,4.890382274109557
185,7.404381856657728,6.183393969381672,-1.2209878872760553,0.04184753649611267,0.03464330899990874,0.16384503345490906,0.13441550745948172,0.14882889133729585,0.09956409051162328,0.08368939012434803,0.05195503572043271,0.8276513578504772,0.5604686579588034,0.8514754983215382,0.6363463321744409,5.287044149073047,4.666001036556981
186,7.450691966992856,5.91353345969654,-1.5371585072963168,0.041366543180588924,0.03282273807302463,0.16709203740129502,0.13004911413404732,0.15881846314152565,0.09937918796085847,0.08971446181077616,0.051960664123015025,0.8520841040104777,0.5439857043138094,0.8659209213179104,0.6122413649761573,5.275695436130283,4.443094686115627
187,7.513611710591455,5.655829524436428,-1.8577821861550268,0.04110593792410694,0.031093534399646197,0.1706715895041897,0.12582365642695553,0.1686112968152939,0.09908953874465976,0.0956231716931881,0.051904954415611645,0.8764757963228106,0.5282624382491165,0.8813988101900414,0.5894802800350225,5.279725108141824,4.2301751221654165
188,7.599462346973082,5.413190355211909,-2.1862719917611733,0.041143872403785656,0.029508138906819446,0.17473997986997247,0.12177875561609194,0.17819732105347277,0.0985740524061781,0.10140623307449881,0.051720820543952266,0.9009702833710107,0.5129021500611549,0.8982496923709763,0.5678634613170737,5.304754964829365,4.030842976360638
189,7.4104521326266735,5.0890732962417315,-2.321378836384942,0.04137963427476632,0.028049984992622984,0.16908247267615273,0.11428228135126908,0.16499536248661634,0.09130825951912164,0.09341795916264994,0.047856333088473146,0.8534100804774774,0.4768313315161415,0.8608025146153189,0.5296800999308737,5.227364108933692,3.8010650058432294
190,7.168396921904772,4.746591217323745,-2.4218057045810264,0.04172543492751761,0.026695613226347906,0.1613830301635962,0.10576676270916827,0.14658381601621528,0.08174760684144389,0.08226479057825228,0.042736195336179394,0.7908946727432715,0.4345292784797348,0.812437858670051,0.4869041467885916,5.133107318805868,3.5682116139422795
191,7.197304770873263,4.500437605168823,-2.6968671657044396,0.04181056367973831,0.025416190142650924,0.16314441870568824,0.10059715902107613,0.15075084454135282,0.0779369288960737,0.0847918093707416,0.04074511439757501,0.7993643158538063,0.4113981760976507,0.8178019440276749,0.46069448927273177,5.139640874694261,3.383649547341065
192,7.202315033342163,4.279834745381816,-2.9224802879603473,0.04116004648345641,0.02407114316146007,0.1646984798687138,0.09633829411018191,0.15784643406358342,0.07596905380628528,0.08914203737842605,0.03976022805453246,0.8153225599150316,0.3945780392426431,0.8263802999952263,0.43976957122301696,5.107765175637725,3.2093484157836967
193,7.180607908029948,4.065148607805354,-3.115459300224594,0.040288023352736735,0.022691256173110186,0.16560876949880154,0.09225067646370752,0.16457472865698425,0.07440300685474152,0.0933021272916015,0.03899612457411205,0.8291340011573523,0.3793843401547017,0.8324764888632805,0.42025385549540273,5.055223769209191,3.0371693480895785
194,7.2214770893606115,3.8757834205852357,-3.3456936687753758,0.039870316926660154,0.021446828050874667,0.16797705993483195,0.0886947514446068,0.17239126529696652,0.07323211918867067,0.09808209572119447,0.03843969421575709,0.8488450776150813,0.3665206241206078,0.845077711935744,0.403396713615625,5.049233561930134,2.8840526899490935
195,7.368558745155376,3.7245810889262563,-3.6439776562291195,0.040188632133621005,0.020436418498084186,0.17286529214632596,0.0859503312483742,0.1823097456931994,0.07258596754613407,0.10406264793252307,0.038156258853584674,0.8792349264867355,0.35679228364206433,0.869051322581982,0.3902428192124113,5.120846178180989,2.760417009925604
196,7.238411883924897,3.5188625432126805,-3.7195493407122164,0.04070134593272287,0.019531619681378596,0.16778652694697116,0.08079036987760842,0.16862018419871252,0.06706151545082754,0.09574632630622543,0.035209144411905216,0.837768534584522,0.33280244446238527,0.8387811308078769,0.3657038523426883,5.089007835147866,2.617763596985887
197,7.0838913076808705,3.3073392716528236,-3.776552036028047,0.041537439987190894,0.01874598786646539,0.16127979814472018,0.07506609526421457,0.15001187213296685,0.05999330683147111,0.08440159717044188,0.03141297529550662,0.7839066724710494,0.3049936799092319,0.8003899740727003,0.3385308931650531,5.0623639537018015,2.4785963333208807
198,7.051299851081162,3.1284518893500843,-3.922847961731078,0.041266006273353514,0.017811285878938245,0.16099628962761095,0.07098699100591771,0.15132551783345868,0.056566716298579525,0.08529285306378652,0.029615523681263946,0.7836889336072759,0.2875383610424837,0.7981606651634445,0.3194092980236088,5.030569585512232,2.3465237134192924
199,7.117804301963524,2.9902654805804247,-4.1275388213831,0.04089035700504551,0.016939757587719324,0.16354240949983168,0.0681477209247314,0.1592762069267054,0.055117831931807706,0.0901621944494532,0.02889161191357483,0.8065854022078816,0.276990564949749,0.814045434792464,0.3064788771558841,5.043302297082143,2.2376991161169584
200,7.278298272084454,2.884916555615087,-4.393381716469367,0.04092604962848797,0.016189402456550452,0.1683272244817551,0.06613853566318353,0.1701648684327105,0.05467120552519895,0.09674773973445011,0.028706309776759326,0.8423643989868053,0.27056180180590306,0.8419319555028096,0.2976130640796721,5.117836035317435,2.1510362363078195
201,7.416567470555582,2.781848798512879,-4.634718672042703,0.04097550474897925,0.015453712240764448,0.1726046565766719,0.06416954251410682,0.1800324490358433,0.05423528350517373,0.10275319520696452,0.02852754030854539,0.8738110752558064,0.26432350047231534,0.8662084115807283,0.2889949733857874,5.180182178150588,2.0661442460861856
202,7.5089595124385395,2.671259984057272,-4.837699528381267,0.040964956561554605,0.014704919619930697,0.1758184659208486,0.061986993482807846,0.1880426079087158,0.05346924283686246,0.1076920546554176,0.028172006248821733,0.8973335515721679,0.2569307692016056,0.8836495447526693,0.27934166736099586,5.215458331067166,1.976654385306248
203,7.3373612188314965,2.518231817057207,-4.81912940177429,0.04122782739939173,0.014010427907049294,0.16944998179925497,0.05802545581022659,0.17272377128424182,0.049170937946458416,0.09842709316751447,0.025881609397669786,0.8507308678113483,0.23915128313528927,0.8485837440441781,0.26127879463054177,5.156217933325567,1.870713308229972
204,7.0978482364533955,2.3519711790049462,-4.74587705744845,0.041507592056527313,0.013343134581038281,0.16085052986257853,0.0535058551977656,0.1521435957436595,0.043703396575806935,0.08594951600786002,0.022948297283960067,0.7881296903205623,0.21802507482428563,0.8012004898593237,0.24054549516370072,5.068066822602884,1.7598999253783891
205,7.149142534056345,2.2364562594434814,-4.912686274612864,0.04165161558280213,0.01272636948708379,0.16242313777385567,0.050807512009231594,0.15556825659271292,0.0414045117437651,0.08809300145049198,0.021746221427400993,0.7985581352094381,0.2067895658311676,0.8093146425018661,0.22829317338356495,5.093533744945178,1.6746889055612673
206,7.236625164368778,2.1436040013441127,-5.093021163024666,0.04139037280432429,0.012129086957851476,0.165354921481357,0.04885653954891314,0.16380227734349065,0.04037205405092584,0.0931557254277715,0.021233269607582823,0.8237900704922549,0.19974576578676068,0.8277000214389663,0.21970512230635353,5.121431775380613,1.601562163085725
207,7.317936425870462,2.0573489362875192,-5.260587489582942,0.04102564133183438,0.011534846640350413,0.16822751997422436,0.04712127540494775,0.17236218231667627,0.03969903503201221,0.09842461964793908,0.020914919293613145,0.8494915311025377,0.19393156592277322,0.8460707268666959,0.21220482826755138,5.142334204630554,1.531942465726271
208,7.32373522499876,1.962731474471867,-5.361003750526893,0.04039444309678271,0.010900754296972081,0.16937743971783553,0.045195682576542565,0.1784884943253216,0.03882512863360701,0.10228215637905573,0.020488603850048893,0.8642598901566184,0.18724436295913585,0.8544725737556339,0.20381021930547447,5.114460227567512,1.456266722850086
209,7.420072278744171,1.8811347070562872,-5.5389375716878835,0.04042083762985497,0.010353648897101012,0.17270869877391362,0.04355903635359946,0.18641155306004398,0.038129351146605525,0.10717030404228584,0.020154092167893184,0.8879306860772331,0.18156638490167226,0.8723816766006418,0.1966211724650741,5.153048522560198,1.3907510211243417
210,7.353150721872368,1.7860603672055375,-5.567090354666831,0.0413788239244101,0.009949135153597142,0.1686336141723339,0.04101064311696211,0.17243969526679753,0.0351278459011929,0.09856478599957738,0.018543851026349707,0.8509899633138382,0.1698138252850712,0.8482622737536969,0.18500059547899336,5.172881565441714,1.326614471243371
211,7.227446225398088,1.6852439836801092,-5.542202241717979,0.04241210897987462,0.009586290290228335,0.1625356641579741,0.0381504351238822,0.1533771906117649,0.03135820827414114,0.08682899845484673,0.016507690258633287,0.7990016349670621,0.15600857332832052,0.8128101492282171,0.17184332589448095,5.170480478998349,1.2617894605104227
212,7.236997994817968,1.6020294375207946,-5.6349685572971735,0.04233899410901653,0.009147243313110176,0.16311785435470605,0.03619291942255583,0.15541957841176168,0.029590748177342766,0.0881382439992884,0.015575780623655479,0.8038850674431162,0.14772922033255914,0.8159012530150295,0.16296263137515865,5.16819700348505,1.2008308942764125
213,7.1618435916633425,1.5174679190099993,-5.644375672653343,0.04117472437532624,0.008623330723735834,0.16230437432175757,0.03437709856496192,0.15954683758890364,0.028415491169744574,0.09082412768832177,0.014972901393062413,0.8097799433216277,0.1408472598164474,0.8153998150692143,0.1549283124311947,5.082813769298191,1.1353035249108525
214,7.08158830524497,1.4354659703220927,-5.646122334922877,0.03990187129836839,0.00808700534463427,0.1614535729319216,0.0326704949616313,0.16409426935752808,0.027480196439502846,0.09377345550681765,0.014501248676780815,0.81647016028877,0.134688704458103,0.8151067610215168,0.14747122737798446,4.990788214840047,1.0705670930634559
215,7.109244795050688,1.3673859603533183,-5.74185883469737,0.03933225713487791,0.007624623122711609,0.16314409413819242,0.031290971503668726,0.17098065421620348,0.026845712114790456,0.0980639476885121,0.014189062338788283,0.8346584082596358,0.12990474444526418,0.826666874861528,0.1414843537301526,4.976398558751738,1.0160464930979425
216,7.09646891368849,1.2992863858106816,-5.797182527877808,0.038736322868710565,0.007176018126971174,0.1638985942328203,0.029898754038855696,0.17604397784234493,0.026133617070359487,0.10128094516395071,0.01383344354160674,0.845355741809398,0.12491223114402614,0.8319364345650475,0.13536750447157914,4.939216897206218,0.9619648174172831
217,6.863219118094817,1.2151339891477457,-5.648085128947072,0.03850999451054285,0.006774919998461866,0.1565144922118004,0.0277706117473321,0.1604661445934505,0.023843543820292034,0.09184748466133741,0.012607156582992609,0.794355397859273,0.11541399314036607,0.791622144701222,0.12570167602423785,4.829903459557191,0.9030220878340633
218,6.586375735799315,1.1280091530615628,-5.458366582737752,0.0384099866154639,0.006405704187873986,0.14754350295613636,0.025458266994822395,0.1405566777847331,0.021071582134494338,0.07974153951763634,0.011113072875048188,0.7308285798865104,0.1046453117407332,0.7421312100239168,0.11510487498398363,4.707164239014919,0.844210340144607
219,6.643761191994338,1.072071859674835,-5.571689332319503,0.038575517395015586,0.006100829705926264,0.14934808024503568,0.024168099669422096,0.14413383690943865,0.01995159923213513,0.08193918667315611,0.010522568722740301,0.7421460513626446,0.09924147842513674,0.7513155847145203,0.10925057580402765,4.736302934694527,0.8028367081154468
220,6.703213124609565,1.025677046565432,-5.677536078044133,0.03822220148544868,0.005801199651729676,0.15163971110687466,0.023201249553822904,0.15119459752418915,0.0194026193574865,0.08628596664124673,0.010244399554752724,0.762990775828318,0.09568584416099382,0.7660446690217689,0.10498608826856191,4.746835203001719,0.7663556460180845
221,6.804142386713192,0.9863313468604955,-5.817811039852696,0.038029487445578554,0.005524945284709465,0.15496367984528236,0.022426470321530445,0.15976250687094906,0.01910910601151537,0.09152079799875754,0.010104267543699476,0.7899603730232784,0.09309336761958734,0.7863076810314629,0.101639312960839,4.783597860497883,0.7344338771186144
222,6.887604603801804,0.9475069366746722,-5.940097667127132,0.03786925312212795,0.005254289226884712,0.15792631341099003,0.021666203050184515,0.16747834239315149,0.018819632148771418,0.09625685149399672,0.009965871662955008,0.8132445711239762,0.09053018100301503,0.8035774535834741,0.09833625949065333,4.811251818674087,0.7029345000922083
223,6.924338257040585,0.9060220509392727,-6.0183162061013125,0.037627466323881836,0.004979587138655327,0.15983120659892683,0.020836725408498395,0.17336588775997108,0.018421291104546742,0.09992252106643458,0.009768183049012811,0.8286445839500456,0.08756219873321335,0.814013134887263,0.09466364259404424,4.8109334564540625,0.6697904229113019
224,6.742203833235919,0.8520115572842335,-5.890192275951685,0.0377515584450921,0.004733175265414284,0.15362186285369725,0.019456007874477578,0.15860164984413688,0.016867480153789523,0.09091238907070667,0.008932648677385894,0.7826568713939992,0.08126911380598639,0.7791233606182879,0.08834210154755463,4.739536141009999,0.6324110299596253
225,6.55401657736606,0.7976670869884185,-5.756349490377641,0.038249628487193175,0.004521660214420892,0.14657763935392085,0.017975221567181128,0.13994277874958833,0.01497786187952152,0.0794547614341233,0.007909448081641627,0.7275324618672829,0.07417838461733878,0.7388514679589435,0.08149992858820576,4.683407839515008,0.5966045820401088
226,6.4921999215695845,0.7524322963827745,-5.7397676251868095,0.037828226433050255,0.0042826302948239725,0.14553310560012375,0.016925725584727824,0.13992995166872366,0.01401621758998529,0.0795405051707592,0.007399103907155892,0.7232026731529163,0.06968926233773634,0.733285855669402,0.07670187169658707,4.63287960387461,0.5634174849717581
227,6.387768746234485,0.7091313269056888,-5.678637419328797,0.03662004684377512,0.004019080853196199,0.1440104740860107,0.015998140139752592,0.14259129634503895,0.01337724644516244,0.08133073883477293,0.007067437128523938,0.723668618774843,0.0660791737080601,0.7283389151415145,0.07254839619448405,4.5312086562085305,0.5300418524365095
228,6.278056901785581,0.6677828707295447,-5.610274031056036,0.03531058837251791,0.0037543719086645007,0.14242298632498898,0.015137114131044698,0.14557716272090493,0.012862998234659702,0.08332689901335108,0.006804065270356242,0.7247094619188597,0.06287116524227725,0.7234561786252369,0.0687349910664706,4.423253624809721,0.4976181648760717
229,6.171419692251679,0.628277178191635,-5.543142514060044,0.03413220561604354,0.0035000420517784826,0.14090520089749656,0.014319084348825364,0.1481584367219082,0.01238585552912266,0.08507605503043608,0.0065603096842495445,0.7245261850255972,0.05983728530690897,0.7180057320616254,0.06511068682340168,4.3206158768985725,0.46656391444734824
230,6.1012467744456185,0.5923140077017169,-5.508932766743902,0.03330621518735606,0.0032703588445125035,0.1402289537639114,0.013576099128014099,0.1510154333015799,0.011949680334813497,0.08696651639684927,0.006337493895868925,0.726597725147793,0.05705882467826072,0.7156136750675741,0.06179896062407515,4.247518255580555,0.43832259019617203
231,5.866535042417427,0.5511360865658216,-5.315398955851605,0.03290770367055547,0.003072339469576359,0.13319445683289352,0.012548872420754665,0.13698266635185352,0.010846404145352585,0.07847785993845952,0.005745223265960753,0.6790871102263702,0.05245204630018843,0.677198559737207,0.057100538505250584,4.128686685660087,0.4093706624587382
232,5.635459563843421,0.5112481227648299,-5.124211441078591,0.032871902592732496,0.0029040868172870637,0.12568228623769356,0.011494370162370033,0.11996072548797303,0.009567123892703025,0.06810129284659838,0.005053751589240936,0.625028907192781,0.04749669244518455,0.6353300797690111,0.0522357325242014,4.028484369716631,0.3824963653338429
233,5.451125720286849,0.4759860457720058,-4.9751396745148435,0.03296762904778897,0.002763807849010834,0.11925791092084165,0.010533953047007995,0.10474742581059682,0.008347528942448607,0.058811660971460684,0.004393074436633565,0.5778267562823527,0.042900788578289537,0.5996538978963724,0.047796852877381,3.957860439357436,0.3592500400412343
234,5.471846988513654,0.45230244667631164,-5.019544541837343,0.03270365170726002,0.002630071173861249,0.1200999893302681,0.009988190725827871,0.1079644975266663,0.007878477549411771,0.06079187128203648,0.004144822709714072,0.5873159244563892,0.04064551785426859,0.6061330318785462,0.04534377905998352,3.9568380223324877,0.34167158760324456
235,5.433789879983303,0.42972775419832326,-5.00406212578498,0.031671846504760466,0.0024783681113778834,0.11999670254998941,0.009519373227675793,0.11270304310328944,0.00762228302651605,0.063772762372766,0.004014517566225673,0.597958631469065,0.03897382407858611,0.6103733963949692,0.04331282897757914,3.8973134975884633,0.3238065592103626
236,5.39239735179453,0.4080761935041846,-4.984321158290346,0.030619510989928926,0.0023247749049029667,0.119909023923356,0.009086826121274727,0.11762628256906564,0.007440012529372356,0.06687707501811506,0.0039248706922902325,0.6087059101160699,0.03753064028985258,0.6144948020099636,0.04146796106625808,3.834164747168031,0.3063011079002337
237,5.395733466420952,0.38876345163135273,-5.0069700147896,0.029962722643708663,0.002185317617192904,0.12090605704384591,0.008709526669471251,0.12320331153556416,0.007304804089133722,0.07035287555239425,0.003860259561117528,0.6230231066423878,0.036305650358280775,0.6228321821931188,0.03986166485735896,3.805453210809933,0.29053622847879756
238,5.219441897171059,0.36419784174806485,-4.855244055422994,0.029560605983300778,0.002057894136495727,0.11571507317426705,0.008110044377814875,0.11348977736412225,0.006708075315493203,0.06452272684917384,0.003541454768891632,0.5885078192238591,0.03369178425110949,0.5946198671133431,0.03714366608163485,3.713026027462993,0.2729449228166251
239,5.012821631322851,0.33863560296096773,-4.674186028361883,0.02934245639138991,0.001941204032232698,0.10942996811333222,0.007454723036124888,0.1003768411829552,0.005964071975922272,0.05660129785161179,0.003140981940294978,0.543891864758198,0.030668798513542185,0.5591939902602345,0.03412171389889851,3.6139852127651295,0.2553441095639522
240,4.968125113671164,0.3191132790790004,-4.649011834592163,0.028904821046325652,0.0018285151987236193,0.10897597585301544,0.007022760619067566,0.10174931662698952,0.005622573078375359,0.05753240072441201,0.0029616679156762816,0.5441856471718883,0.02890637691866685,0.5571317811139743,0.03216153264846207,3.5696451711345585,0.24060985270002866
241,4.926353575752205,0.30192954197934485,-4.6244240337728595,0.028126073475706354,0.0017165063342021614,0.10891458355707731,0.006673194197087435,0.10554831366011497,0.005429677876210581,0.05995551281534707,0.0028638246192116924,0.5514296070254988,0.027626601118697226,0.5591711272840236,0.030609654225519645,3.513208357934437,0.22701008360841612
242,4.873614421772459,0.28554195451308884,-4.588072467259369,0.027273522726170885,0.0016061582940390994,0.10863972936101354,0.006349287608094295,0.10921960963926142,0.005276891606111014,0.062311674647333795,0.002787846071928353,0.5576688252388313,0.026485238129163077,0.5600716035538658,0.029180059413321587,3.4484294566059814,0.2138564733904314
243,4.8240844913683425,0.2698956491733892,-4.554188842194954,0.026546894040329276,0.0015016432587027398,0.10844295003622101,0.0060417575951654005,0.11252771090321292,0.005131575440546687,0.06444769033881692,0.002715636268951234,0.5627238272953639,0.02539267375436869,0.560420033392552,0.027812665778037,3.3889753853618467,0.20129969707761747
244,4.820220773211981,0.2561639649494829,-4.564056808262498,0.026193927113591003,0.001410849801818546,0.10929883197655206,0.005774699549191139,0.11646693012440348,0.005007375998353316,0.06693596011069981,0.0026542261705664117,0.5714555025221625,0.02443360103369069,0.5650926911920282,0.02661122458708972,3.3647769301725434,0.19027198780877308
245,4.650450270111522,0.23913453346431693,-4.411315736647205,0.025983537440668864,0.0013288643308112516,0.10436726742288857,0.005362376319844172,0.10635243114417958,0.004574794630445125,0.06082758192611548,0.002422385174421308,0.5364353907749837,0.022568226019067328,0.5368498884232279,0.02469064650455148,3.2796341729794576,0.17818724048517626
246,4.486752267809615,0.22253189660077483,-4.26422037120884,0.026100476437776576,0.0012599671097536702,0.0990776935012668,0.0049334522212315535,0.09370851408378734,0.004056820445528429,0.053117739157520535,0.002142487266175081,0.49593891717509286,0.020517976136912343,0.5058601087765878,0.02267025913356826,3.2129488186775825,0.1669509342876055
247,4.455372764520179,0.20981825852225539,-4.245554505997924,0.02587189350732918,0.0011917742682419107,0.09881366112564241,0.00465081951116651,0.09442164369134476,0.0038113076932005095,0.05362114645932686,0.0020127417024446022,0.4951379551501689,0.01930439947087877,0.5037649576123351,0.021349008939757337,3.183741506974032,0.15749820693656574
248,4.3831317038166855,0.1976210757523188,-4.185510628064367,0.025058412575105538,0.0011174023633447742,0.09790584534716934,0.004399098629089096,0.09645355630829165,0.003647135326958623,0.05498402252556468,0.0019280809686453599,0.49583217254784206,0.018319225775487474,0.5004908258096624,0.02019608999565645,3.1124068687030495,0.14801404269313703
249,4.301548533863658,0.18588107547310503,-4.115667458390552,0.024149876778943292,0.0010426771753169262,0.09680342193509865,0.004162426267513866,0.09849044859335626,0.0035114093396920267,0.05635926180625237,0.0018590052261695882,0.4960579758636136,0.01742827398462958,0.4964803925459399,0.019122934498281036,3.0332071563404535,0.13875434898150202
