date,m_t,beta_adj,R0_t,R0_novax_t,Reff_t,Reff_novax_t,new_H,prevalence,incidence
2025-09-01,1.0,0.022235502328277233,0.4766757153729815,0.4766757153729815,0.47665436354312174,0.47665436354312174,0.0,0.0,0.0
2025-09-02,1.0240991145715774,0.02277054504359121,0.9424594775704448,0.9424594775704448,0.9424173406064643,0.9424173406064643,0.7751073246082295,156.6626024778834,42.325039870392295
2025-09-03,1.048778996466289,0.023464788983103925,0.9711938262339062,0.9711938262339062,0.9711428184100042,0.9711428184100042,0.9045502478178038,182.82525709168993,50.898924905924915
2025-09-04,1.0740536416623945,0.02378601232665734,0.9844890716471907,0.9844890716471907,0.9844281177735837,0.9844281177735837,0.8627940081019122,182.27261703482418,52.01200617335536
2025-09-05,1.0999373834288364,0.02375626095027611,0.9832576796630463,0.9832576796630463,0.9831872341319389,0.9831872341319389,0.7842008433650212,177.18938329252367,51.29710090663372
2025-09-06,1.1264449004536492,0.02422377627240055,0.5192995288888627,0.5192995288888627,0.5192608871331826,0.5192608871331826,0.7068292522237292,171.99809560793895,29.68602498688839
2025-09-07,1.153591225168251,0.0254395393734795,0.5453625670597567,0.5453625670597567,0.5453196049326505,0.5453196049326505,0.6398525857598198,167.27766869972496,30.45561378218474
2025-09-08,1.1813917522723472,0.027222557799211004,1.1267256691686696,1.1267256691686696,1.1266238827445443,1.1266238827445443,0.5708779649219192,152.69468698077557,52.37161297182618
2025-09-09,1.209862247464275,0.027501056681540025,1.1382525742401692,1.1382525742401692,1.1381379528214217,1.1381379528214217,0.5131677503322454,137.6354040862992,47.57676174913469
2025-09-10,1.239018856381743,0.02771065010830648,1.1469275230002596,1.1469275230002596,1.1468013012296643,1.1468013012296643,0.48273890106599415,135.88264494653558,47.795465505629714
2025-09-11,1.2688781137580316,0.028394249681870806,1.1752213076125948,1.1752213076125948,1.1750807864731696,1.1750807864731696,0.4598176996875843,136.46202026439357,49.720795760068015
2025-09-12,1.2994569527988535,0.029074273085819988,1.2033670766661988,1.2033670766661988,1.2032110982213589,1.2032110982213589,0.44255206072818476,137.83204831169257,51.92962320379819
2025-09-13,1.3307727147851862,0.02947793874676334,0.6319361412386406,0.6319361412386406,0.6318596230235324,0.6318596230235324,0.43165741219301346,140.20031450160394,29.92313713333361
2025-09-14,1.3628431589075236,0.030132632587727234,0.6459712032932043,0.6459712032932043,0.6458901201335905,0.6458901201335905,0.4267464280521255,143.61159051332146,31.38283845665833
2025-09-15,1.3956864723371267,0.030985760821966392,1.282482430723035,1.282482430723035,1.282290616101816,1.282290616101816,0.4104890747462992,135.799489809428,55.14296747130635
2025-09-16,1.42932128053998,0.03193023514239905,1.321573667797494,1.321573667797494,1.3213608469792595,1.3213608469792595,0.39545900972848885,126.27495839973895,52.35384673040415
2025-09-17,1.463766657839307,0.032445139940589646,1.3428852747955788,1.3428852747955788,1.3426546109738773,1.3426546109738773,0.3983348485698492,129.6452303367043,54.87007104724963
2025-09-18,1.4990421382326315,0.03288114987203162,1.3609314696238377,1.3609314696238377,1.3606822846562543,1.3606822846562543,0.40382263911763944,135.36020854182306,58.45613729733856
2025-09-19,1.5351677264695225,0.0342671648692293,1.4182978158251731,1.4182978158251731,1.418020823295957,1.418020823295957,0.41220466708730885,142.16371457464143,64.39950606784322
2025-09-20,1.5721639093962994,0.037408057391463426,0.8016148663940343,0.8019388208339573,0.8017996569219974,0.8017996569219974,0.4242520977003747,149.99049400857785,40.77968989164412
2025-09-21,1.61005166757414,0.03754664169355073,0.8042594683149551,0.8049097351115695,0.8044400286711488,0.8047651795818287,0.4426813143520625,159.82706073128904,43.635668746007276
2025-09-22,1.6488524871771688,0.03705586617857509,1.5304696651506773,1.5337205241562504,1.5312125744331908,1.5333803523393021,0.4506428924800263,156.88619506737567,76.9610457750964
2025-09-23,1.688588372177282,0.0367187537592916,1.515473886476037,1.5197676392361823,1.516184740214475,1.5194057774794127,0.4587069438184129,151.6016992627461,72.72512681218092
2025-09-24,1.729281856822616,0.03747415092363325,1.5455571289165206,1.551033083936813,1.5462586798875912,1.5506403381669962,0.48629939479277823,163.07815987220314,80.11024277325933
2025-09-25,1.7709560184167343,0.03818021730186967,1.5735638241831529,1.5802567563912435,1.574251665915992,1.579830109467856,0.5118514486332368,176.11560927282568,88.63694625152165
2025-09-26,1.813634490405784,0.03939809563902087,1.62260896986004,1.630664025043732,1.6232878311377603,1.6301931939836138,0.541793363883389,191.19547109063748,99.8238862405253
2025-09-27,1.8573414757810376,0.04077826778823646,0.8713698738737745,0.8741880296947004,0.8714988633693282,0.8739696132799324,0.5786021208586574,208.7090321960474,61.73417603982869
2025-09-28,1.9021017608044275,0.041573761874605736,0.8880145059097198,0.8912415105244476,0.888137819254465,0.8910106201061186,0.625312730373098,229.71169408432235,69.29347282211457
2025-09-29,1.9479407290648532,0.04374695729864206,1.7977536770346312,1.8106608533983664,1.7984780948373398,1.8100628586160594,0.6504795155300893,229.33617277893677,132.75185304095103
2025-09-30,1.9948843758732293,0.0450316416293617,1.849189090223625,1.8638331828641337,1.8498818447699517,1.8631645257069702,0.6776677096279657,225.673200066955,132.5302176940234
2025-10-01,2.0429593230044483,0.04845289892928688,1.9882203260600768,2.005437011905067,1.9889101515423426,2.004661712534859,0.7476948050940277,253.2529373768365,160.6364851698144
2025-10-02,2.000213743257867,0.04821735507876466,1.9771031095485698,1.9956879903562577,1.97772237742626,1.9948484583181503,0.8232575862400797,286.54927454345045,181.9011924442699
2025-10-03,1.9583625447979296,0.04564073292160318,1.870078035194275,1.8890431134995054,1.8705917188923746,1.8881746884448787,0.9242737008599254,330.2613913619389,199.4986454319535
2025-10-04,1.9173870141602125,0.04366580469324433,0.9303187052920834,0.9360898792477048,0.9304765168226661,0.9357214200725557,1.0430775962824739,380.8014568812769,120.3095145121264
2025-10-05,1.8772688294289024,0.04189041265948041,0.8919906248675197,0.8980297421180096,0.8921259324067381,0.8976599657792022,1.16904096326595,434.0024488772202,131.55075942322145
2025-10-06,1.837990052044283,0.041126868451499946,1.680357516292677,1.7022169157878024,1.6810358577647428,1.7012937600217808,1.2369218208966295,439.63832922587335,238.54835027213664
2025-10-07,1.7995331187816366,0.03958021986571375,1.6156367392192665,1.6382020397558668,1.6162070595754292,1.637228272013366,1.2937828360897425,434.09349321765194,223.34388442658837
2025-10-08,1.7618808338979752,0.03942254506614155,1.6076797453292322,1.6316759724638312,1.6081726075268177,1.6306281744428746,1.4083725572186947,479.2418989242394,246.26648523686146
2025-10-09,1.7250163614430845,0.04335334398356586,1.7663092988963052,1.7943694296058605,1.7667598367681094,1.7931217611632175,1.50869115891516,526.1770582697945,298.76552630379535
2025-10-10,1.68892321773145,0.041675999277676165,1.6963651667886324,1.7249451179702764,1.696691134141278,1.7236331044140076,1.6163370423103236,577.3546963280471,316.547302845333
2025-10-11,1.6535852639716944,0.03797750595913565,0.80532708194728,0.8141464291603093,0.8058825177268091,0.8136265631683822,1.774788342962357,647.6756448337522,177.2063124350345
2025-10-12,1.6189866990502328,0.03684448697159478,0.780266179517491,0.7898572258653427,0.780784228752372,0.7893313725185748,1.9440382122739566,721.5633377182514,191.40165210757476
2025-10-13,1.585112052465918,0.036387700555355,1.4715713384158025,1.5060655416784465,1.473449210224708,1.5047263250323424,2.000534154602434,714.6677437826604,340.66439205392896
2025-10-14,1.5519461774125154,0.035307049137169616,1.4247918190286144,1.4613380145564978,1.4265072833216368,1.4599271170695451,2.0343137605464126,689.0767099191153,314.1036278570732
2025-10-15,1.5194742440059172,0.03537890880544851,1.4246135347195397,1.4643122439961052,1.4262363421117894,1.462797341555469,2.1491781159673917,736.1430239510546,336.5387962253064
2025-10-16,1.4876817326530662,0.03688105935715039,1.4818974264835987,1.5264853725478762,1.4834816094952534,1.5247919247534512,2.2441384845383805,786.3236401213925,375.93594243480476
2025-10-17,1.4565544275596227,0.03543439885281735,1.420696880967045,1.4666089444463348,1.422103678842788,1.464857561924726,2.3442945155904225,840.4053876466415,387.20256230123573
2025-10-18,1.426078410373474,0.034337660680331825,0.7217375196302849,0.7361168966359043,0.721664342997071,0.7353974105151565,2.477538727250272,906.4821246205483,222.10610977462034
2025-10-19,1.3962400539612427,0.03185878241616778,0.6690567819400427,0.6829757059199091,0.6689666493388521,0.6822840661967116,2.6105991009391234,971.190723802643,220.71392014318513
2025-10-20,1.367026016315011,0.031026826346842274,1.238979342086544,1.2841821086642784,1.2390034361930218,1.282441215515457,2.622621537869727,942.1208410040417,378.39274725013627
2025-10-21,1.338423234586538,0.03135251819236826,1.250303059579901,1.2976623027481597,1.250227998109822,1.2957886695198575,2.5882325644756428,885.9198751351277,354.9737613317648
2025-10-22,1.3104189192462996,0.030482782051106397,1.2139849777163265,1.26166443498748,1.2138231156799764,1.2597400078220486,2.6348702419276915,908.8675674329143,354.2200081204664
2025-10-23,1.283000548364742,0.030882851893484844,1.2282640792544304,1.2782230906506566,1.2280099583035131,1.276168289862814,2.677525095842207,942.6810535025282,373.39603298223005
2025-10-24,1.25615586201319,0.03044426707942647,1.209191891028951,1.26007032294411,1.2088476575075187,1.257933749274755,2.7095338805968137,974.1114597588066,381.5711670858083
2025-10-25,1.2298728567819088,0.030285329399539696,0.6325955387893942,0.6492446558525969,0.6324352534199595,0.6483635491855044,2.7546586012118075,1009.1019586865494,216.6215763109558
2025-10-26,1.2041397804128633,0.029973079242309804,0.625406866942509,0.6425507631365505,0.6252279346104703,0.6416556286995364,2.8041095451495357,1043.5413975005454,221.5930031584092
2025-10-27,1.1789451265447806,0.029147291244750826,1.1521102231589126,1.2063892553530673,1.1519093165236283,1.2041424444417674,2.7447203911245373,989.5880958166499,369.6994805296698
2025-10-28,1.1542776295681638,0.027972013984668025,1.1038769713244938,1.1577452202446574,1.103598824204939,1.1554840365510732,2.666330224871339,917.6247533308031,324.9425532238246
2025-10-29,1.130126259587953,0.02697806431628774,1.0629392499417518,1.1166062275942963,1.0625998888561592,1.1143376562268306,2.673073811324356,925.6901974470295,316.1253363067126
2025-10-30,1.1064802174915889,0.025455846189427863,1.0013488744850307,1.0536025139000407,1.000963718189015,1.0513803254727587,2.655384490949551,936.723881796773,302.60397682483296
2025-10-31,1.0833289301202649,0.025321248195692328,0.9944494018785179,1.0480315820398154,0.9940042830949959,1.045742094122252,2.6199726698708266,942.5017573616058,303.6658028035634
2025-11-01,1.0606620455412157,0.0262215798186645,0.5435361152790303,0.5621276341653052,0.543324008767603,0.56116284306071,2.564555172506341,938.8041246741868,173.10412518055222
2025-11-02,1.0947677423496402,0.027651810917047926,0.5724659430044275,0.5927883506135062,0.572227374396191,0.5917529084961344,2.510652154711339,933.0929788164622,181.3084092348071
2025-11-03,1.1299701113352945,0.027263389953867363,1.064804245393376,1.1284156880536735,1.0644472911842813,1.1257908305468827,2.385647071322661,862.3803932902459,297.9551569339236
2025-11-04,1.1663044161044624,0.029316106470596594,1.1428580435678097,1.2133764183415665,1.1424034260801126,1.2104595685424635,2.27120779687799,785.8656151518306,288.5290470883391
2025-11-05,1.203807054168304,0.029321673984627428,1.1409594490636252,1.2136068544753877,1.1404374327882523,1.210599150918482,2.238054670640858,778.478890186851,285.7065801294653
2025-11-06,1.242515593403681,0.03146640198369229,1.2221464548728838,1.3023758859438863,1.2215151437635732,1.299050751793307,2.230355390427636,790.6632057390892,312.1236220343725
2025-11-07,1.2824688096863874,0.03179817024049096,1.2327425814278112,1.3161075791193606,1.232025672432127,1.3126376234971096,2.227972074232172,805.9345412849349,322.3004376206654
2025-11-08,1.3237067257344788,0.03140658510069585,0.6451794817545903,0.6732816825666256,0.6448797706147594,0.6718918170954302,2.2596530216998683,832.9012415827191,182.30139504891946
2025-11-09,1.3662706512006122,0.03228645825546893,0.6622764521528909,0.6921440477741589,0.6619501878503378,0.6906914111404395,2.3079507977251765,864.3667982188398,194.31278957308587
2025-11-10,1.4102032240535611,0.0329162577943802,1.2678294156781886,1.3623845658976395,1.2673159003599208,1.3585721166674605,2.26509089809887,822.0941869780091,338.52566573910383
2025-11-11,1.455548453290356,0.03810139503149825,1.464364829640759,1.5769943489428058,1.4636685414228319,1.57243023392182,2.2189563338473124,768.2739837838966,361.53291384917617
2025-11-12,1.502351763021838,0.03835922482718069,1.4710772801056433,1.5876657726648062,1.4702683495562026,1.582910268006178,2.2679069522731194,791.670160588193,374.9706737106771
2025-11-13,1.550660037975789,0.038923071587264824,1.4894606753601585,1.6110030587034727,1.4885271877227804,1.6060051485728328,2.376533447851756,848.4261607390799,408.8356932352593
2025-11-14,1.60052167046322,0.04100601369741822,1.5657588593400564,1.6972148085402288,1.564645458445912,1.6917460875662496,2.5029670855546513,913.5766678816824,464.92846196724184
2025-11-15,1.651986608854863,0.04217923053695219,0.856397716599747,0.9042213030876618,0.8568323039514532,0.9019247876053462,2.6544476743806475,987.6116934290699,287.2584734377588
2025-11-16,1.7051064076164304,0.04224784658687212,0.8553684084335631,0.9056922662437349,0.8557662115923915,0.9033379130778084,2.857160970709972,1080.3292584768044,314.0376818592925
2025-11-17,1.7599342789527663,0.04617115425895702,1.7412295020319584,1.9109969409348078,1.74306208642048,1.9043231192337318,2.9576141069434287,1075.0049816027151,609.6052304161811
2025-11-18,1.8165251461126155,0.04715489850579571,1.7709573139908747,1.9517135371850807,1.7726015556912116,1.9445224305424746,3.051743274173769,1051.2598467580005,599.2286927652638
2025-11-19,1.8749356984074173,0.048751157781319485,1.8233037664736196,2.017781770510067,1.8247779144065637,2.009970610072079,3.3527538390472658,1173.1086950101717,691.0325713214768
2025-11-20,1.9352244479992315,0.05016203894494218,1.8682671050512707,2.0761773127263954,1.8695184093731787,2.067677976384769,3.6714138613393215,1318.0370345657093,799.9452011576633
2025-11-21,1.9974517885146872,0.04960969746732279,1.8399967236508903,2.053316223567523,1.8409319210582353,2.0443635483318388,4.056636636181647,1492.4337552130287,896.6186865603513
2025-11-22,2.06168005554367,0.05094950850739504,1.01574767064101,1.092234978868859,1.0139055969191995,1.088400966932763,4.531594836766965,1702.0774418847723,585.986006815025
2025-11-23,2.127973589083347,0.05461650867614054,1.0875594139308538,1.1708466469527707,1.0854886455046828,1.1665728216954065,5.07193287798989,1936.9070605961595,714.2796058884223
2025-11-24,2.196398797990091,0.055664252071111614,2.053632995201953,2.3039106804803815,2.048927460720755,2.292405501699295,5.43048095195764,1985.720716254659,1325.4189982356934
2025-11-25,2.2670242265038603,0.05535633078511975,2.038660937765452,2.291165999412222,2.033451838938544,2.2786132680918403,5.888300557475361,2028.5173741045792,1325.6643157153371
2025-11-26,2.3399206229116736,0.05374008174748025,1.42506119461595,1.5234764176281266,1.421547485895411,1.5168188313006061,6.743688640640674,2367.751415826962,1091.8912024579247
2025-11-27,2.415161010418973,0.06151458900562696,1.219088737455101,1.3187249061084738,1.2159252222400903,1.3123897165558773,7.621916080419067,2749.487515863856,1132.7520345395117
2025-11-28,2.492820760299858,0.0655906062875594,1.7356071604121064,1.859426682053999,1.7307117937141636,1.8501860807884682,8.38321045676091,2964.9524350637903,1672.5419661424626
2025-11-29,2.572977667399473,0.06858220242668278,1.3561670713259177,1.4702375471868425,1.351801574862686,1.4620690773396685,9.234598672740734,3109.521422448603,1420.060159553936
2025-11-30,2.6557120280641815,0.06622975398673274,1.3083327986806885,1.4198067079624357,1.3038380377285972,1.4113663016839924,10.636335694521403,3476.270845974977,1529.2765275514998
2025-12-01,2.7411067205775983,0.07165753772956966,2.6129838494557243,2.965863374956951,2.602305562110592,2.942816478605242,11.873972517302315,3729.8127626431574,3016.533456901371
2025-12-02,2.6790136272262717,0.06782914183285017,2.4695986908940215,2.8074083186617305,2.4581619925301803,2.7824493539416446,13.070697929368706,3957.99343064766,3004.1855083570053
2025-12-03,2.6183271015992124,0.0679795949737223,2.4712908703775827,2.813635485744191,2.458516564468648,2.785465050182813,15.379212643063,4883.352505675011,3754.583701788809
2025-12-04,2.5590152813320866,0.06809382935224009,2.4716586515316585,2.818363579537837,2.4571916389224073,2.7859291640715056,17.698934371559172,5880.974319180246,4568.7492706329795
2025-12-05,2.5010470258247848,0.0692725340415302,2.5106005334626413,2.8671494739269052,2.493788085453839,2.828669087109102,20.574176474763064,7111.790820735137,5659.939799455182
2025-12-06,2.4443918998916097,0.06331521520412435,1.2434395802420668,1.3573260030666727,1.2348228712155453,1.3401270981468478,24.159040317928817,8622.529587667781,3605.797316204239
2025-12-07,2.3890201577818337,0.06219810784661749,1.2204820206334412,1.3333779068677938,1.2113553866561744,1.3149309024029971,28.733853738312778,10520.679689820725,4320.418605793951
2025-12-08,2.3349027275622287,0.06423441073351777,2.3189617828898674,2.6586245110103395,2.2976521546765616,2.6092715779292495,31.84058915166793,11204.918238635699,8272.349125302137
2025-12-09,2.2820111958533724,0.06233634204926802,2.2475252438812605,2.5800645636254025,2.2233829424550926,2.521901953593235,35.15666966006141,11727.702210829626,8291.381832298255
2025-12-10,2.2303177929117175,0.056031659778544615,2.0175993645456574,2.3191174695730385,1.992832535962545,2.257675963238187,41.13919299220214,14085.562810104235,8985.633542129002
2025-12-11,2.1797953780495885,0.057960973307683225,2.084376540847714,2.398970622725966,2.0552965601235593,2.3246219212185366,47.214003423985744,16672.35402822909,11046.13923550351
2025-12-12,2.130417425385453,0.057778973967610454,2.07515537373434,2.3914377769976447,2.041899689607101,2.303576554525689,53.12285429663709,19251.918724838088,12746.92641961397
2025-12-13,2.0821580099169896,0.05464354404674278,1.0662216836874756,1.1714262203049692,1.050115618586549,1.1317724611450948,60.55619029341858,22429.8287012234,7988.376613307726
2025-12-14,2.03499179390963,0.05383431038221508,1.0488943490394147,1.1540781959496966,1.031764252078812,1.1114836651841435,69.34444729047173,26128.55840940119,9149.515736384532
2025-12-15,1.9888940135934412,0.05459286976042252,1.9473729277433718,2.25956679627044,1.9082152398575778,2.1457017794175393,74.72051596792441,27005.868098567047,16738.954425002117
2025-12-16,1.9438404661613555,0.052032618436061356,1.851841127307654,2.1535994985624933,1.8087263714467736,2.0243864205269864,80.03097540093381,27376.73170968472,15915.056464236348
2025-12-17,1.8998074970619216,0.049129897054706134,1.7445828726369357,2.033457566458212,1.6987799897668823,1.8932605313140303,90.00652725356929,31311.666106831006,17173.8775028618
2025-12-18,1.8567719875799125,0.04724121137779361,1.6737388192285523,1.9552859762327626,1.6244118662842273,1.800976416332316,99.17415520540891,35368.102553610115,18656.68521738815
2025-12-19,1.8147113426982593,0.04470394311234278,1.5802900284356824,1.850269933826438,1.5281757181651663,1.683696883138822,108.08817249766538,39419.07378486576,19662.95575017917
2025-12-20,1.7736034792349458,0.04715751291309775,0.9116116921792385,1.0109437093523523,0.882212879707073,0.9310412255500672,117.20941334074611,43535.13951400343,13030.761200102985
2025-12-21,1.7334268142486344,0.04519680206253099,0.8732192100967249,0.9689107823001548,0.8433331843023694,0.8868157265609523,126.04590255645704,47490.72458067887,13595.598240048153
2025-12-22,1.6941602537069298,0.04607337938083692,1.1929643137194843,1.3061332377007444,1.149621225085477,1.190289451996768,130.85212832516913,47418.087157783586,17741.852488643046
2025-12-23,1.6557831814113406,0.04290161349473614,1.110305326956596,1.2162169150494755,1.0667720693699774,1.0983214276157114,134.4413373791888,46296.55018550111,16076.635718170432
2025-12-24,1.6182754481731154,0.041736212087967475,1.0796268227850903,1.1831789757209612,1.0344813577304237,1.0596039646196376,141.3006029718248,47085.0682436805,15924.489270907954
2025-12-25,1.581617361234275,0.042032540120365745,1.0867722458345117,1.1915795727159977,1.038518495706251,1.0582360549818297,145.72330324761103,47546.69301259574,16215.27895231962
2025-12-26,1.545789673928286,0.0430328174641742,1.1121038960185785,1.2199364135473996,1.0597955410195934,1.0741370621352133,148.5195945268306,47746.36512188575,16679.148651937452
2025-12-27,1.5107735755749463,0.040643632660098704,0.7827225450192877,0.8713017762126833,0.744252183511326,0.7600772177135358,150.88886744052897,47970.82545369981,12040.11474719387
2025-12-28,1.4765506816041762,0.03914935790626088,0.7536167862442014,0.839268117753635,0.7152047430685924,0.7276334505913006,153.55783519803532,48398.1148622875,11669.585894043972
2025-12-29,1.4431030239035327,0.03619998795058911,0.9344879012466627,1.0262326771345247,0.8844736297447189,0.884546800523981,150.98871152801507,46502.38712907756,13603.027017038798
2025-12-30,1.4104130413843765,0.03876244941126518,1.0002691739178067,1.0988758417795796,0.9445214267694068,0.9401699073448867,146.4943080370074,43962.30742008262,13693.01939507545
2025-12-31,1.3784635707617383,0.03715044875405049,0.9583196992007893,1.0531772699387805,0.9027775411329239,0.8943459151999187,142.8359772134029,42596.98016020844,12687.662673281495
2026-01-01,1.3472378375430496,0.03643292568866577,0.9394665914702744,1.0328362240439422,0.8830782644048123,0.8709882429767313,140.34580860664653,41895.75601990342,12225.996431746165
2026-01-02,1.331651010929896,0.036534998161557856,0.9417542126293408,1.035729874375008,0.8833539761304334,0.8675786482832382,137.0447886138178,41030.085728438535,11996.877235392292
2026-01-03,1.3162445156265516,0.035741010128206505,0.6862794075661529,0.7662013351211666,0.6432246101070813,0.6385850818584297,133.26687592090494,40022.873628323054,8659.077644555782
2026-01-04,1.3010162652954886,0.03503345063801479,0.6724632412392052,0.7510329606371249,0.629393047764587,0.6231269822703791,129.57701191946833,39021.59855151491,8262.523087561136
2026-01-05,1.2859641977369975,0.03452883636140409,1.2056973418835328,1.429128245107302,1.1220772612361856,1.1577324184153612,122.97585241523657,36520.11597685004,12553.868213383166
2026-01-06,1.2710862746099243,0.03280715829219954,1.1449849397557332,1.357869001617929,1.0631807370058035,1.091373520353859,115.76046233652772,33736.53377183434,10981.061438153796
2026-01-07,1.2563804811556405,0.032033645438772344,1.117410963890893,1.325853759192266,1.0355201401354805,1.058277631525918,111.93707684928825,33468.01034014277,10702.56716209086
2026-01-08,1.2418448259252048,0.03196160881158229,1.1143228062432797,1.3228722055273243,1.030630736255501,1.0485872804363485,107.68920520484127,33296.564773116756,10697.712554070105
2026-01-09,1.2274773405096835,0.031158827070021038,1.0857746424660295,1.2896455410225207,1.0022254839242335,1.0149922337563306,103.43620667118579,33046.79322283507,10414.721049452306
2026-01-10,1.2132760792735895,0.030755014832033422,0.5891164414774663,0.6593135823930829,0.5456248290114315,0.5285572705745479,99.69109317174666,32810.05961624914,6046.9815075047445
2026-01-11,1.1992391190914051,0.030683566967565152,0.5875304787283859,0.6577819119408264,0.5436098038990305,0.5256637814937982,96.17555116313328,32475.594557073404,5970.023631975669
2026-01-12,1.185364559087154,0.03152684211320947,1.0967790820734122,1.3048774673851735,1.0084118460189795,1.013242209453723,90.03926966782907,29980.354719837953,9628.691714720095
2026-01-13,1.1716505203769858,0.03051679897487061,1.0610561312843234,1.2630723754710298,0.9737438427920098,0.974156413933298,83.83933993363979,27141.47498925474,8381.984028477913
2026-01-14,1.158095145814739,0.028927708248588643,1.0052509687470113,1.1973008441863504,0.9210276657939896,0.9180583117365244,80.83960966942053,26489.99887075437,7768.085099178512
2026-01-15,1.1446965997404477,0.029013591855853144,1.0076818534216372,1.2008555162189891,0.9218475485540081,0.9157786682258773,77.80580191589806,26053.13878749285,7688.100027357892
2026-01-16,1.131453067731757,0.03122845977560415,1.0840124738483108,1.292527597784888,0.9901676802508793,0.9803317932136113,74.37839972409348,25453.640891196832,8109.560977090225
2026-01-17,1.1183627563582152,0.0290096860552834,0.5541427603482414,0.6218979292211565,0.5087292061504871,0.48434397358314857,71.20746340273098,24859.72714807678,4282.55197673085
2026-01-18,1.1054238929384097,0.02860408558487501,0.546086997700495,0.6132028302063854,0.5009597250737647,0.4765167991162877,69.14319069297915,24577.292833136577,4172.393960447302
2026-01-19,1.0926347252999091,0.028817099564288653,0.5498436345489711,0.617769337835598,0.5040381737275631,0.4790346612041343,64.65659458398308,22532.257720752197,3845.4335383805264
2026-01-20,1.07999352154199,0.03014820703303606,1.0430461635761807,1.247816571612448,0.949373733079293,0.9348631515312189,59.87809039215932,20184.81458049042,6163.788693300139
2026-01-21,1.067498569801098,0.028938984805201448,1.000381677761021,1.1977675742375533,0.909383512629397,0.8934792106494616,55.2403259919174,17963.887434751723,5219.221113765907
2026-01-22,1.0551481780190328,0.02728874194864982,0.9425548726148438,1.1294649922188706,0.8558907299129885,0.8395032695818587,52.76226773677341,17314.115320411776,4746.120234939323
2026-01-23,1.0429406737138087,0.02838852036571351,0.9797310657311156,1.1749841745838456,0.8887646467612615,0.870486612865542,50.22723163931917,16824.226676313796,4810.809889581312
2026-01-24,1.0308744037531692,0.029288263263545534,0.5574489559940617,0.6278699548617058,0.5086196026321864,0.4805508646659848,47.43461147551592,16232.675189370535,2793.355659262558
2026-01-25,1.01894773413072,0.028063296097689004,0.5340123793450368,0.6016096036687172,0.4870030667059465,0.4598109022914036,45.06798901686865,15738.05729423542,2595.3625671529626
2026-01-26,1.007159049744654,0.02721012411583497,0.9381561752200026,1.1262110463207562,0.8489664205077999,0.8293014504332892,41.82666134753879,14349.39351634894,3940.272186029763
2026-01-27,0.995506754179034,0.0276050644771891,0.9514668500159282,1.1425573957788289,0.8603231705595815,0.8390646263872925,38.45360005337217,12794.781409528181,3539.4667239113455
2026-01-28,0.983989269487608,0.02741621484517491,0.944654090432931,1.1347410204928288,0.8535502882065579,0.8313413443045534,36.181318304607714,12116.123260231896,3330.435785614018
2026-01-29,0.9726050359801246,0.02705732237122147,0.9319887174446134,1.1198866719096665,0.8415350755164417,0.8186284021221769,34.16418300615242,11642.189606568649,3166.5264653228105
2026-01-30,0.9613525120111206,0.027119975821662933,0.9338469249407557,1.1224798614032863,0.8426653701175641,0.8187829700513904,32.277869540990196,11210.926056385282,3065.0344159537135
2026-01-31,0.9502301737711526,0.02657535504445105,0.5050177036078922,0.5697117245241999,0.45899463793479295,0.43110670934700446,30.507208025028696,10783.743706672385,1676.8206671907092
2026-02-01,0.9392365150804431,0.0259080673891414,0.4922334978736676,0.5554066813658181,0.4472431811949269,0.41994563413057895,28.911784213443298,10378.302273859037,1573.4566864626402
2026-02-02,0.9556487531353324,0.02624942411635007,0.9030881962779318,1.0864482379258251,0.8138889965202085,0.7896143634898094,26.57793829198075,9353.510561013614,2476.980152865251
2026-02-03,0.972347778973326,0.026470521687306063,0.9104321511631237,1.095599336453174,0.8200837445375573,0.7949609043968008,24.19073674876883,8241.111359602217,2185.315214137134
2026-02-04,0.9893386039300052,0.027071685716979696,0.9308401288946385,1.1204811623495536,0.8380838653922333,0.8118644072918663,22.646362827900187,7736.471260990372,2098.068398360979
2026-02-05,1.006626326909132,0.027567288592672178,0.9476078612979175,1.1409938741187873,0.8528052615232632,0.8256111263937482,21.282147147178403,7372.708930216991,2040.3344066917853
2026-02-06,1.0242161359128168,0.027645065750946607,0.9500074774463443,1.1442130249917222,0.8545971509590546,0.8268556029306174,20.08589134630406,7072.872355203429,1967.810449648172
2026-02-07,1.042113309598425,0.0284033044885263,0.5389819315382448,0.6088985661820167,0.4886341497158967,0.45764396851046146,19.056409805864053,6815.410813640929,1128.7093227560185
2026-02-08,1.0603232188626883,0.029829559332580167,0.5659501145966991,0.6394740412963766,0.5129792052818889,0.48037807555578094,18.145080048917215,6578.686713882705,1144.4217597021307
2026-02-09,1.0788513284534986,0.02994876972958426,1.0284728799870568,1.2395619788278023,0.9243514958145184,0.8936816770047449,16.8417095636212,5968.742550129878,1798.7299741931072
2026-02-10,1.0977031986098629,0.029500666624440498,1.012854742520112,1.221015254646935,0.9099697872032966,0.8793138957148371,15.646342630506735,5343.741416772749,1573.963147685014
2026-02-11,1.1168844867305183,0.029264037910453015,1.0045028881885896,1.2112213312368534,0.9021664809860019,0.8714174696863439,15.018709960969154,5144.9355800020385,1503.4882038905787
2026-02-12,1.1364009490717044,0.030438488218823074,1.0445799814472894,1.259831139299853,0.9378616243872291,0.9055591910204839,14.41104474658555,5008.9836332111745,1526.0578847539844
2026-02-13,1.1562584424745983,0.031304163290596126,1.0740448243767968,1.2956609217809982,0.9640037890138277,0.9304494243808956,13.815104987379218,4881.391985972048,1533.5047301985182
2026-02-14,1.176462926122941,0.03116397002772562,0.5905371480014568,0.6680805986531194,0.5345152154735909,0.4997785439592236,13.343707638942046,4789.117348330447,867.7033702127165
2026-02-15,1.1970204633313697,0.03191560040116295,0.6045475371205236,0.684193746926754,0.5470971873770173,0.5116420055377112,12.992572400766235,4727.708083279213,877.2400038566225
2026-02-16,1.217937223365008,0.032240864902944956,0.8208548105990352,0.9139955833035935,0.7413458805746368,0.6826844570020315,12.264881751718141,4353.916382624994,1052.930314015657
2026-02-17,1.2392194832908432,0.032206377122216884,0.8196851837452652,0.9130178899520567,0.7401231187333459,0.6816399161922713,11.544617162934575,3942.9497746780626,951.6442486384228
2026-02-18,1.260873629861459,0.032425318414134416,0.8249639947351873,0.9192246519113835,0.7447354496475711,0.6859903600305979,11.06792270887673,3675.8564304516917,895.2540513924602
2026-02-19,1.2829061614316848,0.03383581597092656,0.8605436370631385,0.9592108167071914,0.7767019413789835,0.7155563844865835,10.600242286586747,3450.572828801202,879.5331502333747
2026-02-20,1.3053236899087348,0.033641573789796715,0.8552990996143167,0.9537042493065219,0.7718183486250054,0.7111841842918364,10.129721170528487,3248.547397351593,825.5094748159055
2026-02-21,1.3281329427364257,0.0342477972268942,0.6473522292258211,0.7341904402275516,0.5850470430559798,0.5477920871554848,9.71614372210015,3080.055349420796,607.9677302156666
2026-02-22,1.351340764914063,0.0352839091655837,0.6668078837454983,0.7564021893614223,0.602557997283802,0.5642301606873765,9.306070704994397,2923.7887731652654,594.2168430597861
2026-02-23,1.3749541210506122,0.036113289537938464,1.23371884177882,1.4947078309333208,1.1051597549757415,1.0691706090011124,8.744427499044681,2688.8469043598625,926.4025337957171
2026-02-24,1.398980097454757,0.03811327825236771,1.301716868868049,1.577486188471067,1.1658420926798452,1.1278910852048127,8.20394121790852,2459.9092030672364,891.158117054681
2026-02-25,1.4234259042614836,0.037384880084557065,1.2765190173478778,1.5473382163700964,1.1430564396457288,1.1058786306794974,7.963023943536874,2437.1848642733094,871.2774133705719
2026-02-26,1.4482988775958252,0.03798013663852758,1.2965190270916636,1.5719755353188307,1.1607462825865102,1.1230308415913517,7.819576033058523,2469.3940759113693,903.7289201222837
2026-02-27,1.4736064817744126,0.03933875004394464,1.342560921665701,1.628207745739719,1.2017302648028285,1.1627098447889717,7.692973060295945,2504.620441038705,956.0592519413709
2026-02-28,1.4993563115454989,0.03884760925979099,0.7333018922107545,0.8327993521824617,0.6619978203789276,0.619982641783686,7.623603456992902,2551.213590436869,571.0113807645675
2026-03-01,1.5255560943681226,0.04037856079536099,0.7620506542242736,0.8656192726702113,0.6878724035179451,0.6442825985476173,7.642935926542815,2620.004968924103,609.9470025444576
2026-03-02,1.5258327567015264,0.04229841984902498,1.4424769551259717,1.7507067396345577,1.2905784435120404,1.249082012075906,7.417385473990705,2492.2217567060165,1031.4123946414688
2026-03-03,1.5261094692081405,0.04007538629450273,1.3663214350160593,1.6586966872442535,1.2221665883188084,1.1828596646359344,7.2119784068530075,2339.624634211962,911.5329973136431
2026-03-04,1.526386231897064,0.03928056228624188,1.338885028167681,1.6257993886441595,1.1973831696344452,1.1589111052357055,7.33864326069891,2414.8921895846374,925.3193521483091
2026-03-05,1.5266630447773974,0.03908735584694405,1.3319634215439318,1.6178026876650937,1.1909483265797816,1.152717905154368,7.404381856657728,2493.680868392404,955.2991955259552
2026-03-06,1.526939907858243,0.03889747312437806,1.3251584732351334,1.6099435533682822,1.1846120405612968,1.1466108630652703,7.450691966992856,2567.4187042616136,983.1163367097026
2026-03-07,1.527216821148705,0.03829745798218323,0.7219258969093951,0.8210054313640633,0.6509787413660792,0.6098798943870922,7.513611710591455,2642.1846560274134,582.6071185458014
2026-03-08,1.5274937846578889,0.03760906561173648,0.7088142883778407,0.8062479538492558,0.6390814320776712,0.5987995766312515,7.599462346973082,2718.753524067595,588.949456244458
2026-03-09,1.5277707983949012,0.03838788978523588,1.306848462235244,1.5888521984328987,1.1676889797501953,1.1306172899680202,7.4104521326266735,2582.9203390746416,978.3000518828626
2026-03-10,1.5280478623688518,0.03767410922097693,1.2822385374599565,1.5593092403524653,1.1454498193045897,1.1090994324966097,7.168396921904772,2402.038463545793,885.9285067507045
2026-03-11,1.5283249765888511,0.036714510519824044,1.249276326584169,1.5195920140482861,1.1157819715793469,1.0804229586529384,7.197304770873263,2430.9249798179794,875.0987813091809
2026-03-12,1.528602141064011,0.038172698219966675,1.2985795364201276,1.5799455460100895,1.1595881551833855,1.1228982156870901,7.202315033342163,2478.773877230412,930.9806151831796
2026-03-13,1.5288793558034457,0.04043159875672531,1.3750913201869834,1.6734401117168658,1.2276541805942678,1.188856019263266,7.180607908029948,2519.5650246131845,1005.7447293541511
2026-03-14,1.52915662081627,0.039457632232797135,0.7426920002328242,0.8458767782175767,0.6690569549549876,0.6271098131357589,7.2214770893606115,2579.1516032588343,584.8276263884678
2026-03-15,1.5294339361116018,0.039900395351080226,0.7507692886680043,0.8553685550631109,0.6762436588627229,0.6340292277344534,7.368558745155376,2672.4673499716373,612.8869835240943
2026-03-16,1.5297113016985595,0.03589420679107514,1.2191912621969787,1.4856401247910993,1.0881117713944417,1.0545579516245396,7.238411883924897,2551.036150924314,903.92106004004
2026-03-17,1.5299887175862643,0.03981556499180428,1.3518005965324391,1.647942836217234,1.206190398047561,1.1693071675942186,7.0838913076808705,2392.2348186751797,932.0080877467104
2026-03-18,1.5302661837838376,0.04214011264292677,1.4301042744469092,1.7441544974080623,1.2757653435973855,1.2370872740861523,7.051299851081162,2392.9280070806963,987.2544464337943
2026-03-19,1.5305437003004034,0.0402456889626329,1.365223715915557,1.6657454145947654,1.2175919623359712,1.1809836348142462,7.117804301963524,2460.7407161083556,972.5600552941455
2026-03-20,1.5308212671450872,0.03821372258188675,1.2957351517556244,1.581643520240784,1.155340822501493,1.120899295327658,7.278298272084454,2567.2701485539355,966.5633591476918
2026-03-21,1.531098884327016,0.03840964078101502,0.7213952014950579,0.823410360881562,0.6489182968830746,0.6092937013786645,7.416567470555582,2661.627262187379,585.4962178216201
2026-03-22,1.5313765518553182,0.0372073716971111,0.6987276442221815,0.7976366019990417,0.6284588043294173,0.5901189740613653,7.5089595124385395,2733.2161000037795,582.6201621245987
2026-03-23,1.5316542697391249,0.0387981433266875,1.314930807144226,1.6058323514159596,1.171587499243024,1.1371741643033375,7.3373612188314965,2594.75860567573,991.4044198198942
2026-03-24,1.5319320379875678,0.03998387824215454,1.354904120638157,1.6549092227349744,1.2069464768321827,1.1714511406245554,7.0978482364533955,2407.865804534616,940.1764358426299
2026-03-25,1.5322098566097808,0.039374034785140344,1.3340289491397637,1.6296681604416894,1.188112046866523,1.1531500886644834,7.149142534056345,2440.329608808988,939.2471326370819
2026-03-26,1.532487725614899,0.036461777524328984,1.235164646950187,1.509131543890759,1.0998402932480569,1.0674598158653636,7.236625164368778,2514.9296255891095,899.1775909537043
2026-03-27,1.5327656450120597,0.038928389853126764,1.318515183975026,1.6112231786020628,1.173831112409271,1.139265781478787,7.317936425870462,2590.6965148432346,992.0653042062152
2026-03-28,1.5330436148104012,0.042176885913985,0.7914921187454288,0.9041710400077606,0.711170872527281,0.6678602028828361,7.32373522499876,2634.2025981649385,635.0889257674803
2026-03-29,1.5333216350190642,0.040608801683615796,0.7620013864642696,0.8705550838111807,0.6845946143406805,0.6429150616898169,7.420072278744171,2706.1497964613723,628.4075197575487
2026-03-30,1.5335997056471906,0.03710843451425524,1.25646849803599,1.5358962966767158,1.1180392776141947,1.085180318184348,7.353150721872368,2597.114708866155,946.9955396171067
2026-03-31,1.533877826703924,0.035271237026901194,1.1941340948102084,1.4598557723585346,1.0623616867864754,1.0310759119139719,7.227446225398088,2442.5356680057093,839.0436543240619
2026-04-01,1.53415599819841,0.03541033211213907,1.198714725946417,1.4656128361931924,1.066249624316874,1.0348148605885843,7.236997994817968,2457.7991389643535,848.2751787296231
2026-04-02,1.5338253801749064,0.038242776930399514,1.2944601707300505,1.5828460626510807,1.1512101470159055,1.1172340716482874,7.1618435916633425,2473.1877770535275,924.5873501179263
2026-04-03,1.5334948334011829,0.035838438383590736,1.2129468964120744,1.483331903179272,1.078509113099032,1.0466313789532347,7.08158830524497,2490.6717123416665,875.3555675935525
2026-04-04,1.5331643578618848,0.03662710319025495,0.6869613201381732,0.7851970401879155,0.6166013230443652,0.5790437153540682,7.109244795050688,2544.099439714336,531.688203944319
2026-04-05,1.5328339535416606,0.03593654265607091,0.6739731035451548,0.7703930824548844,0.6048865021516635,0.5680463807658465,7.09646891368849,2576.0028138774605,528.4365114121366
2026-04-06,1.5325036204251627,0.0395553746215727,1.338465142929374,1.6371737097019095,1.189625748855291,1.1544707952212383,6.863219118094817,2423.582222622425,940.3273177258579
2026-04-07,1.5321733584970458,0.039326998779425935,1.3306443177724123,1.627721367807267,1.1824466556079316,1.147411020050765,6.586375735799315,2233.441771078305,854.5874264295486
2026-04-08,1.5318431677419688,0.040472929485220834,1.3693215669027854,1.6751507662800704,1.2166039914955553,1.1804855086640507,6.643761191994338,2268.3255344667323,894.2870697048934
2026-04-09,1.531513048144593,0.03901134889079189,1.3197795752070267,1.6146568044176908,1.1723733208010416,1.1374949872707112,6.703213124609565,2329.5767812828362,888.0694710986459
2026-04-10,1.531182999689585,0.0369374555316334,1.249531007962009,1.528819577066849,1.1097688483377794,1.0766862763020386,6.804142386713192,2409.273072864861,872.4705308719193
2026-04-11,1.5308530223616117,0.037919675865961566,0.7109285562506267,0.8129066909872347,0.6375045707255687,0.5985936894788824,6.887604603801804,2478.7425550247904,535.7123857615214
2026-04-12,1.5305231161453454,0.03874480312987004,0.7263518244315728,0.8305954359047316,0.6512724471599097,0.6115369851352502,6.924338257040585,2525.435257349459,557.8944797197029
2026-04-13,1.5301932810254617,0.03524056926075472,1.1918380299894775,1.458586451540552,1.0581402786572651,1.0266191921180268,6.742203833235919,2388.378496106811,824.8226183972954
2026-04-14,1.529863516986638,0.03440694589933096,1.163550435342856,1.424083270514629,1.0328484453964535,1.0020490386830345,6.55401657736606,2223.9522864904557,743.4549246590968
2026-04-15,1.529533824013557,0.03433415217757034,1.1609945436939082,1.4210703811503378,1.0304205149530725,0.9996793856574442,6.4921999215695845,2211.239399081388,738.0678017306191
2026-04-16,1.529204202090903,0.03394225097355391,1.1476494475955423,1.4048498206284235,1.0184199174095403,0.9880254623871251,6.387768746234485,2210.555753512961,731.4868425027405
2026-04-17,1.5288746512033644,0.034616486416563494,1.1703516049744522,1.4327560293802035,1.0384070814315158,1.0074064488442727,6.278056901785581,2211.3041256212923,748.5829902251235
2026-04-18,1.5285451713356333,0.035737232229982936,0.669685425900764,0.7661203460653865,0.6000236111583944,0.5634467106111467,6.171419692251679,2209.1149920548455,449.2674993689127
2026-04-19,1.528215762472404,0.03661326530547269,0.686030703224493,0.7849003892047064,0.6146157601523656,0.5771972742610249,6.1012467744456185,2214.858764945866,461.6563242930763
2026-04-20,1.527886424598375,0.03927811412300549,0.7358865599291463,0.8420283415083902,0.6592235996694092,0.6191407294398823,5.866535042417427,2072.634078525991,462.8402479877708
2026-04-21,1.5275571576982474,0.03982633386422202,1.3457983808293195,1.6483885535179557,1.1936190597381402,1.158350642008029,5.635459563843421,1910.936733676923,738.1617734545594
2026-04-22,1.5272279617567266,0.037456067581451744,1.265540131940056,1.5502846250311302,1.1222573723229656,1.0891564153901365,5.451125720286849,1770.2598270064364,637.325591137936
2026-04-23,1.52689883675852,0.03736714681847215,1.2623731395901903,1.546604246908322,1.1192939568455413,1.086357550258144,5.471846988513654,1797.676704162537,646.9858518721813
2026-04-24,1.5265697826883398,0.03852432575910515,1.3012984507645264,1.5944992032107157,1.1536451353875339,1.1197777447427577,5.433789879983303,1826.1698570200026,680.3877534885576
2026-04-25,1.5262407995308995,0.037940376018249365,0.7104829412601882,0.8133504524887489,0.6360681229244556,0.5976060171227388,5.39239735179453,1855.1079682402274,399.265604365911
2026-04-26,1.5259118872709183,0.037287734364992095,0.6982150043203086,0.7993593844051199,0.6250389662702494,0.5872740698050848,5.395733466420952,1896.0772283644533,401.3739665112642
2026-04-27,1.5255830458931168,0.0369292776955677,1.2471407141236261,1.5284811012380373,1.1052433959351857,1.0729963745474056,5.219441897171059,1793.6764202761565,642.9020230891975
2026-04-28,1.5252542753822196,0.037016322851080946,1.2499870297598283,1.5320838490700721,1.107616485201783,1.0753173326712606,5.012821631322851,1661.565610058362,592.6120031720587
2026-04-29,1.5249255757229545,0.036172259531446656,1.2213930837863516,1.4971485643091653,1.0821449603242854,1.0506144179672057,4.968125113671164,1662.3069923206085,580.356137456644
2026-04-30,1.5245969469000529,0.03574405235965157,1.2068441500144633,1.4794253211171682,1.0691242161122654,1.0380010346180146,4.926353575752205,1682.0861306697159,582.4668270711654
2026-05-01,1.524268388898249,0.03713104801852141,1.2535804353656603,1.5368322563287968,1.1103905668942065,1.0780955767463754,4.873614421772459,1698.7932012809574,613.3420672764436
2026-05-02,1.524268388898249,0.03641184048027377,0.6815303339654759,0.780582325181324,0.6097357647554978,0.5730405198327688,4.8240844913683425,1712.7493548521097,353.83090630958696
2026-05-03,1.524268388898249,0.037861163288429645,0.7085983083367091,0.8116523219902341,0.6339089391400645,0.5958054454501769,4.820220773211981,1738.9019981234344,373.7223771486608
2026-05-04,1.524268388898249,0.03648657827340415,1.231490888574747,1.5101580323200876,1.0905437174701267,1.0590283525124728,4.650450270111522,1635.012175121663,580.7484453885792
2026-05-05,1.524268388898249,0.034629045137673446,1.1686907287445067,1.4332758274664419,1.034801262194939,1.0049458824219364,4.486752267809615,1514.9965805671457,506.6334243838327
2026-05-06,1.524268388898249,0.03430976823641272,1.157811555869603,1.4200611441557673,1.0250555091148037,0.9955394234814418,4.455372764520179,1513.098671813074,501.8477990837947
2026-05-07,1.524268388898249,0.036579900944154885,1.2343082464781672,1.514020602818636,1.0926614443240068,1.0612621254273442,4.3831317038166855,1513.8515025786305,536.9573544052951
2026-05-08,1.524268388898249,0.037738047855655536,1.273273038888255,1.561955622866384,1.1270232440363708,1.09469940285221,4.301548533863658,1512.970196001499,555.4273558168437
